apache2,apache2-2.4.62/modules/arch/unix/mod_unixd.c,310,branch_num,4,2
apache2,apache2-2.4.62/modules/http/byterange_filter.c,422,branch_num,2,4
apache2,apache2-2.4.62/modules/http/byterange_filter.c,425,branch_num,2,4
apache2,apache2-2.4.62/modules/http/byterange_filter.c,428,branch_num,2,4
apache2,apache2-2.4.62/modules/http/byterange_filter.c,436,branch_num,2,4
apache2,apache2-2.4.62/modules/http/byterange_filter.c,437,branch_num,4,2
apache2,apache2-2.4.62/modules/http/byterange_filter.c,457,branch_num,4,2
apache2,apache2-2.4.62/modules/http/byterange_filter.c,460,branch_num,2,4
apache2,apache2-2.4.62/modules/http/http_etag.c,271,branch_num,4,2
apache2,apache2-2.4.62/modules/http/http_filters.c,1244,branch_num,6,4
apache2,apache2-2.4.62/modules/http/http_filters.c,1309,branch_num,6,2
apache2,apache2-2.4.62/modules/http/http_filters.c,1332,branch_num,4,2
apache2,apache2-2.4.62/modules/http/http_filters.c,1348,branch_num,4,2
apache2,apache2-2.4.62/modules/http/http_filters.c,1529,branch_num,4,2
apache2,apache2-2.4.62/modules/http/http_filters.c,221,branch_num,4,2
apache2,apache2-2.4.62/modules/http/http_filters.c,518,branch_num,4,2
apache2,apache2-2.4.62/modules/http/http_filters.c,590,branch_num,4,2
apache2,apache2-2.4.62/modules/http/http_filters.c,667,branch_num,4,2
apache2,apache2-2.4.62/modules/http/http_filters.c,796,branch_num,4,2
apache2,apache2-2.4.62/modules/http/http_filters.c,872,branch_num,4,2
apache2,apache2-2.4.62/modules/http/http_protocol.c,1426,branch_num,6,2
apache2,apache2-2.4.62/modules/http/http_protocol.c,1499,branch_num,4,2
apache2,apache2-2.4.62/modules/http/http_protocol.c,1500,branch_num,4,2
apache2,apache2-2.4.62/modules/http/http_protocol.c,562,branch_num,6,2
apache2,apache2-2.4.62/modules/http/http_request.c,252,branch_num,4,2
apache2,apache2-2.4.62/modules/http/http_request.c,764,branch_num,2,4
apache2,apache2-2.4.62/modules/http/http_request.c,765,branch_num,4,2
apache2,apache2-2.4.62/modules/loggers/mod_log_config.c,1692,branch_num,12,2
apache2,apache2-2.4.62/modules/loggers/mod_log_config.c,574,branch_num,4,2
apache2,apache2-2.4.62/modules/loggers/mod_log_config.c,585,branch_num,4,2
apache2,apache2-2.4.62/server/config.c,1600,branch_num,6,4
apache2,apache2-2.4.62/server/config.c,1618,branch_num,6,4
apache2,apache2-2.4.62/server/config.c,2515,branch_num,4,2
apache2,apache2-2.4.62/server/config.c,421,branch_num,4,2
apache2,apache2-2.4.62/server/core.c,1663,branch_num,4,6
apache2,apache2-2.4.62/server/core.c,2918,branch_num,4,2
apache2,apache2-2.4.62/server/core.c,4905,branch_num,4,2
apache2,apache2-2.4.62/server/core_filters.c,148,branch_num,4,2
apache2,apache2-2.4.62/server/core_filters.c,234,branch_num,4,2
apache2,apache2-2.4.62/server/core_filters.c,267,branch_num,2,4
apache2,apache2-2.4.62/server/core_filters.c,268,branch_num,4,2
apache2,apache2-2.4.62/server/core_filters.c,450,branch_num,4,2
apache2,apache2-2.4.62/server/core_filters.c,507,branch_num,4,2
apache2,apache2-2.4.62/server/core_filters.c,568,branch_num,4,2
apache2,apache2-2.4.62/server/core_filters.c,622,branch_num,4,2
apache2,apache2-2.4.62/server/listen.c,299,branch_num,6,4
apache2,apache2-2.4.62/server/listen.c,490,branch_num,12,2
apache2,apache2-2.4.62/server/listen.c,510,branch_num,6,2
apache2,apache2-2.4.62/server/listen.c,513,branch_num,12,2
apache2,apache2-2.4.62/server/listen.c,543,branch_num,12,2
apache2,apache2-2.4.62/server/log.c,1202,branch_num,24,2
apache2,apache2-2.4.62/server/log.c,1203,branch_num,24,2
apache2,apache2-2.4.62/server/log.c,1773,branch_num,4,2
apache2,apache2-2.4.62/server/log.c,1827,branch_num,5,2
apache2,apache2-2.4.62/server/log.c,669,branch_num,4,2
apache2,apache2-2.4.62/server/main.c,553,branch_num,18,2
apache2,apache2-2.4.62/server/mpm_common.c,498,branch_num,4,2
apache2,apache2-2.4.62/server/mpm_unix.c,139,branch_num,6,2
apache2,apache2-2.4.62/server/mpm_unix.c,552,branch_num,3,2
apache2,apache2-2.4.62/server/mpm_unix.c,584,branch_num,4,2
apache2,apache2-2.4.62/server/protocol.c,1438,branch_num,3,2
apache2,apache2-2.4.62/server/protocol.c,1940,branch_num,4,2
apache2,apache2-2.4.62/server/protocol.c,1979,branch_num,10,4
apache2,apache2-2.4.62/server/protocol.c,308,branch_num,2,4
apache2,apache2-2.4.62/server/protocol.c,765,branch_num,6,4
apache2,apache2-2.4.62/server/protocol.c,795,branch_num,6,4
apache2,apache2-2.4.62/server/protocol.c,844,branch_num,4,2
apache2,apache2-2.4.62/server/protocol.c,845,branch_num,4,2
apache2,apache2-2.4.62/server/protocol.c,855,branch_num,4,2
apache2,apache2-2.4.62/server/protocol.c,856,branch_num,4,2
apache2,apache2-2.4.62/server/request.c,1022,branch_num,2,4
apache2,apache2-2.4.62/server/request.c,133,branch_num,3,2
apache2,apache2-2.4.62/server/request.c,1572,branch_num,2,4
apache2,apache2-2.4.62/server/request.c,1575,branch_num,4,2
apache2,apache2-2.4.62/server/request.c,1774,branch_num,2,4
apache2,apache2-2.4.62/server/request.c,2570,branch_num,4,2
apache2,apache2-2.4.62/server/request.c,331,branch_num,3,2
apache2,apache2-2.4.62/server/scoreboard.c,669,branch_num,6,4
apache2,apache2-2.4.62/server/scoreboard.c,670,branch_num,2,4
apache2,apache2-2.4.62/server/ssl.c,167,branch_num,2,4
apache2,apache2-2.4.62/server/ssl.c,168,branch_num,6,4
apache2,apache2-2.4.62/server/ssl.c,207,branch_num,4,2
apache2,apache2-2.4.62/server/ssl.c,212,branch_num,4,2
apache2,apache2-2.4.62/server/util.c,102,branch_num,4,2
apache2,apache2-2.4.62/server/util.c,1185,branch_num,4,2
apache2,apache2-2.4.62/server/util.c,1262,branch_num,4,2
apache2,apache2-2.4.62/server/util.c,1280,branch_num,2,4
apache2,apache2-2.4.62/server/util.c,1283,branch_num,2,4
apache2,apache2-2.4.62/server/util.c,1286,branch_num,2,4
apache2,apache2-2.4.62/server/util.c,129,branch_num,4,2
apache2,apache2-2.4.62/server/util.c,1301,branch_num,4,2
apache2,apache2-2.4.62/server/util.c,1351,branch_num,2,4
apache2,apache2-2.4.62/server/util.c,1358,branch_num,2,4
apache2,apache2-2.4.62/server/util.c,1365,branch_num,2,4
apache2,apache2-2.4.62/server/util.c,1371,branch_num,2,4
apache2,apache2-2.4.62/server/util.c,1380,branch_num,4,6
apache2,apache2-2.4.62/server/util.c,1384,branch_num,2,4
apache2,apache2-2.4.62/server/util.c,1434,branch_num,4,2
apache2,apache2-2.4.62/server/util.c,1477,branch_num,2,4
apache2,apache2-2.4.62/server/util.c,1484,branch_num,2,4
apache2,apache2-2.4.62/server/util.c,1491,branch_num,2,4
apache2,apache2-2.4.62/server/util.c,1497,branch_num,4,6
apache2,apache2-2.4.62/server/util.c,1506,branch_num,4,6
apache2,apache2-2.4.62/server/util.c,1510,branch_num,2,4
apache2,apache2-2.4.62/server/util.c,1518,branch_num,4,2
apache2,apache2-2.4.62/server/util.c,1705,branch_num,4,6
apache2,apache2-2.4.62/server/util.c,1706,branch_num,6,4
apache2,apache2-2.4.62/server/util.c,1737,branch_num,4,2
apache2,apache2-2.4.62/server/util.c,1770,branch_num,4,2
apache2,apache2-2.4.62/server/util.c,1907,branch_num,4,2
apache2,apache2-2.4.62/server/util.c,1908,branch_num,4,2
apache2,apache2-2.4.62/server/util.c,1913,branch_num,4,2
apache2,apache2-2.4.62/server/util.c,1915,branch_num,4,2
apache2,apache2-2.4.62/server/util.c,1916,branch_num,4,2
apache2,apache2-2.4.62/server/util.c,2689,branch_num,4,2
apache2,apache2-2.4.62/server/util.c,2704,branch_num,4,2
apache2,apache2-2.4.62/server/util.c,3337,branch_num,4,2
apache2,apache2-2.4.62/server/util.c,3338,branch_num,2,4
apache2,apache2-2.4.62/server/util.c,3417,branch_num,6,4
apache2,apache2-2.4.62/server/util.c,395,branch_num,4,2
apache2,apache2-2.4.62/server/util.c,432,branch_num,4,2
apache2,apache2-2.4.62/server/util.c,537,branch_num,4,2
apache2,apache2-2.4.62/server/util.c,539,branch_num,4,2
apache2,apache2-2.4.62/server/util_cookies.c,285,branch_num,8,4
apache2,apache2-2.4.62/server/util_cookies.c,57,branch_num,2,4
apache2,apache2-2.4.62/server/util_cookies.c,99,branch_num,2,4
apache2,apache2-2.4.62/server/util_debug.c,176,branch_num,2,4
apache2,apache2-2.4.62/server/util_expr_eval.c,1257,branch_num,4,2
apache2,apache2-2.4.62/server/util_expr_eval.c,1301,branch_num,8,2
apache2,apache2-2.4.62/server/util_expr_parse.c,1109,branch_num,2,4
apache2,apache2-2.4.62/server/util_expr_parse.c,1128,branch_num,7,2
apache2,apache2-2.4.62/server/util_expr_parse.c,1144,branch_num,2,4
apache2,apache2-2.4.62/server/util_expr_scan.c,1596,branch_num,4,2
apache2,apache2-2.4.62/server/util_expr_scan.c,1940,branch_num,4,2
apache2,apache2-2.4.62/server/util_expr_scan.c,1964,branch_num,4,2
apache2,apache2-2.4.62/server/util_expr_scan.c,2036,branch_num,4,2
apache2,apache2-2.4.62/server/util_expr_scan.c,2064,branch_num,4,2
apache2,apache2-2.4.62/server/util_expr_scan.c,2098,branch_num,4,2
apache2,apache2-2.4.62/server/util_expr_scan.c,2142,branch_num,4,2
apache2,apache2-2.4.62/server/util_expr_scan.c,2368,branch_num,4,2
apache2,apache2-2.4.62/server/util_expr_scan.c,2434,branch_num,4,2
apache2,apache2-2.4.62/server/util_expr_scan.c,906,branch_num,4,2
apache2,apache2-2.4.62/server/util_filter.c,570,branch_num,6,4
apache2,apache2-2.4.62/server/util_pcre.c,124,branch_num,2,4
apache2,apache2-2.4.62/server/util_regex.c,196,branch_num,6,4
apache2,apache2-2.4.62/server/util_script.c,633,branch_num,4,2
apache2,apache2-2.4.62/server/util_script.c,775,branch_num,4,6
apache2,apache2-2.4.62/server/util_script.c,776,branch_num,4,2
apache2,apache2-2.4.62/server/vhost.c,460,branch_num,12,2
apache2,apache2-2.4.62/server/vhost.c,778,branch_num,6,4
apache2,apache2-2.4.62/server/vhost.c,783,branch_num,4,2
apache2,apache2-2.4.62/server/vhost.c,792,branch_num,6,4
base-passwd,base-passwd-3.6.1/update-passwd.c,1105,branch_num,4,6
base-passwd,base-passwd-3.6.1/update-passwd.c,1169,branch_num,2,4
base-passwd,base-passwd-3.6.1/update-passwd.c,1209,branch_num,2,4
base-passwd,base-passwd-3.6.1/update-passwd.c,1263,branch_num,2,4
base-passwd,base-passwd-3.6.1/update-passwd.c,1333,branch_num,4,2
base-passwd,base-passwd-3.6.1/update-passwd.c,660,branch_num,2,4
base-passwd,base-passwd-3.6.1/update-passwd.c,661,branch_num,2,4
base-passwd,base-passwd-3.6.1/update-passwd.c,762,branch_num,2,4
base-passwd,base-passwd-3.6.1/update-passwd.c,884,branch_num,2,4
base-passwd,base-passwd-3.6.1/update-passwd.c,944,branch_num,4,6
bzip2,bzip2-1.0.8/bzip2.c,1145,branch_num,4,2
bzip2,bzip2-1.0.8/bzip2.c,1211,branch_num,6,4
bzip2,bzip2-1.0.8/bzip2.c,1329,branch_num,4,2
bzip2,bzip2-1.0.8/bzip2.c,1397,branch_num,6,4
bzip2,bzip2-1.0.8/bzip2.c,1524,branch_num,4,2
coreutils,coreutils-9.1/lib/closeout.c,119,branch_val,"[0, 1]","[0, 3]"
coreutils,coreutils-9.1/lib/closeout.c,134,branch_num,2,4
coreutils,coreutils-9.1/lib/close-stream.c,70,branch_val,"[0, 0, 0, 0, 0, 0, 2, 2]","[0, 0, 0, 0, 0, 0, 8, 8]"
coreutils,coreutils-9.1/lib/fclose.c,105,branch_val,"[0, 2]","[0, 8]"
coreutils,coreutils-9.1/lib/fclose.c,66,branch_val,"[0, 2]","[0, 8]"
coreutils,coreutils-9.1/lib/fclose.c,72,branch_val,"[0, 0, 0, 2]","[0, 2, 2, 6]"
coreutils,coreutils-9.1/lib/fclose.c,73,branch_val,"[0, 2]","[0, 6]"
coreutils,coreutils-9.1/lib/fflush.c,148,branch_val,"[0, 0, 2, 2]","[0, 0, 6, 6]"
coreutils,coreutils-9.1/lib/progname.c,51,branch_val,"[0, 1]","[0, 3]"
coreutils,coreutils-9.1/lib/progname.c,60,branch_val,"[0, 1]","[0, 3]"
coreutils,coreutils-9.1/lib/progname.c,61,branch_val,"[0, 0, 1, 1]","[0, 1, 1, 2]"
coreutils,coreutils-9.1/lib/quotearg.c,405,branch_num,2,4
coreutils,coreutils-9.1/lib/quotearg.c,647,branch_num,2,4
coreutils,coreutils-9.1/lib/version-etc.c,208,branch_num,4,2
coreutils,coreutils-9.1/lib/xmalloc.c,256,branch_num,4,2
coreutils,coreutils-9.1/lib/xmalloc.c,34,branch_val,"[0, 3]","[0, 268]"
coreutils,coreutils-9.1/src/seq.c,180,branch_num,4,2
coreutils,coreutils-9.1/src/seq.c,193,branch_num,4,2
coreutils,coreutils-9.1/src/seq.c,567,branch_num,4,2
coreutils,coreutils-9.1/src/seq.c,599,branch_num,4,2
coreutils,coreutils-9.1/src/seq.c,684,branch_val,"[0, 0]","[0, 1]"
coreutils,coreutils-9.1/src/seq.c,705,branch_val,"[0, 0, 0, 0, 0, 0]","[0, 0, 0, 0, 0, 1]"
coreutils,coreutils-9.1/src/seq.c,706,branch_num,6,4
coreutils,coreutils-9.1/src/seq.c,727,branch_val,"[0, 0]","[0, 1]"
coreutils,coreutils-9.1/src/system.h,653,branch_num,4,2
cron,cron-3.0pl1/cron.c,108,branch_val,"[0, 0]","[0, 1]"
cron,cron-3.0pl1/cron.c,122,branch_val,"[0, 0]","[0, 1]"
cron,cron-3.0pl1/cron.c,348,branch_num,4,6
cron,cron-3.0pl1/cron.c,88,branch_val,"[0, 0]","[0, 1]"
cron,cron-3.0pl1/database.c,146,branch_num,4,2
cron,cron-3.0pl1/do_command.c,339,branch_num,4,2
cron,cron-3.0pl1/do_command.c,568,branch_num,4,2
cron,cron-3.0pl1/do_command.c,579,branch_num,4,2
cron,cron-3.0pl1/popen.c,103,branch_num,3,2
cron,cron-3.0pl1/user.c,268,branch_num,4,2
curl,curl-7.88.1/debian/build/lib/strtoofft.c,226,branch_num,6,2
curl,curl-7.88.1/debian/build/lib/strtoofft.c,228,branch_num,10,2
curl,curl-7.88.1/debian/build/src/tool_cb_hdr.c,112,branch_num,6,2
curl,curl-7.88.1/debian/build/src/tool_cb_hdr.c,137,branch_num,4,2
curl,curl-7.88.1/debian/build/src/tool_cb_hdr.c,148,branch_num,12,4
curl,curl-7.88.1/debian/build/src/tool_cb_prg.c,235,branch_num,8,6
curl,curl-7.88.1/debian/build/src/tool_cb_rea.c,70,branch_num,2,4
curl,curl-7.88.1/debian/build/src/tool_cb_wrt.c,110,branch_num,8,4
curl,curl-7.88.1/debian/build/src/tool_findfile.c,140,branch_num,4,2
curl,curl-7.88.1/debian/build/src/tool_formparse.c,220,branch_num,3,2
curl,curl-7.88.1/debian/build/src/tool_formparse.c,413,branch_num,12,4
curl,curl-7.88.1/debian/build/src/tool_formparse.c,415,branch_num,10,2
curl,curl-7.88.1/debian/build/src/tool_formparse.c,428,branch_num,5,2
curl,curl-7.88.1/debian/build/src/tool_formparse.c,494,branch_num,10,2
curl,curl-7.88.1/debian/build/src/tool_formparse.c,499,branch_num,10,2
curl,curl-7.88.1/debian/build/src/tool_formparse.c,502,branch_num,4,2
curl,curl-7.88.1/debian/build/src/tool_formparse.c,533,branch_num,10,2
curl,curl-7.88.1/debian/build/src/tool_formparse.c,556,branch_num,10,2
curl,curl-7.88.1/debian/build/src/tool_formparse.c,583,branch_num,10,2
curl,curl-7.88.1/debian/build/src/tool_formparse.c,605,branch_num,10,2
curl,curl-7.88.1/debian/build/src/tool_getparam.c,1119,branch_num,66,2
curl,curl-7.88.1/debian/build/src/tool_getparam.c,1430,branch_num,8,2
curl,curl-7.88.1/debian/build/src/tool_getparam.c,1466,branch_num,8,2
curl,curl-7.88.1/debian/build/src/tool_getparam.c,1632,branch_num,4,2
curl,curl-7.88.1/debian/build/src/tool_getparam.c,2235,branch_num,6,2
curl,curl-7.88.1/debian/build/src/tool_getparam.c,2255,branch_num,8,4
curl,curl-7.88.1/debian/build/src/tool_getparam.c,2409,branch_num,4,2
curl,curl-7.88.1/debian/build/src/tool_getparam.c,2560,branch_num,6,4
curl,curl-7.88.1/debian/build/src/tool_getparam.c,398,branch_num,4,2
curl,curl-7.88.1/debian/build/src/tool_getparam.c,803,branch_num,44,2
curl,curl-7.88.1/debian/build/src/tool_main.c,101,branch_num,4,2
curl,curl-7.88.1/debian/build/src/tool_msgs.c,62,branch_num,6,2
curl,curl-7.88.1/debian/build/src/tool_operate.c,1198,branch_num,6,4
curl,curl-7.88.1/debian/build/src/tool_operate.c,2686,branch_num,4,2
curl,curl-7.88.1/debian/build/src/tool_operate.c,408,branch_num,2,4
curl,curl-7.88.1/debian/build/src/tool_operate.c,471,branch_num,4,2
curl,curl-7.88.1/debian/build/src/tool_operate.c,477,branch_num,4,2
curl,curl-7.88.1/debian/build/src/tool_operate.c,485,branch_num,6,4
curl,curl-7.88.1/debian/build/src/tool_operate.c,882,branch_num,4,2
curl,curl-7.88.1/debian/build/src/tool_operhlp.c,71,branch_num,4,2
curl,curl-7.88.1/debian/build/src/tool_paramhlp.c,390,branch_num,3,2
curl,curl-7.88.1/debian/build/src/tool_paramhlp.c,405,branch_num,4,2
curl,curl-7.88.1/debian/build/src/tool_parsecfg.c,143,branch_num,10,2
curl,curl-7.88.1/debian/build/src/tool_parsecfg.c,163,branch_num,16,2
curl,curl-7.88.1/debian/build/src/tool_parsecfg.c,175,branch_num,16,2
curl,curl-7.88.1/debian/build/src/tool_parsecfg.c,193,branch_num,10,2
curl,curl-7.88.1/debian/build/src/tool_parsecfg.c,202,branch_num,10,2
curl,curl-7.88.1/debian/build/src/tool_parsecfg.c,261,branch_num,4,2
curl,curl-7.88.1/debian/build/src/tool_parsecfg.c,304,branch_num,6,2
curl,curl-7.88.1/debian/build/src/tool_setopt.c,233,branch_num,10,2
curl,curl-7.88.1/debian/build/src/tool_setopt.c,245,branch_num,14,2
curl,curl-7.88.1/debian/build/src/tool_urlglob.c,269,branch_num,6,2
curl,curl-7.88.1/debian/build/src/tool_urlglob.c,301,branch_num,6,4
curl,curl-7.88.1/debian/build/src/tool_urlglob.c,303,branch_num,4,6
curl,curl-7.88.1/debian/build/src/tool_urlglob.c,414,branch_num,4,2
curl,curl-7.88.1/debian/build/src/tool_urlglob.c,630,branch_num,6,2
curl,curl-7.88.1/debian/build/src/tool_writeout.c,248,branch_num,2,4
curl,curl-7.88.1/debian/build/src/tool_writeout.c,413,branch_num,4,2
curl,curl-7.88.1/debian/build/src/tool_writeout_json.c,88,branch_num,4,2
debianutils,debianutils-5.7/ischroot.c,48,branch_num,4,2
debianutils,debianutils-5.7/ischroot.c,50,branch_val,"[0, 1]","[0, 0]"
distro-info,distro-info-1.5+deb12u1/distro-info-util.c,107,branch_num,2,4
distro-info,distro-info-1.5+deb12u1/distro-info-util.c,108,branch_num,6,2
distro-info,distro-info-1.5+deb12u1/distro-info-util.c,110,branch_num,4,2
distro-info,distro-info-1.5+deb12u1/distro-info-util.c,117,branch_num,2,4
distro-info,distro-info-1.5+deb12u1/distro-info-util.c,174,branch_num,6,4
distro-info,distro-info-1.5+deb12u1/distro-info-util.c,180,branch_num,4,2
distro-info,distro-info-1.5+deb12u1/distro-info-util.c,186,branch_num,6,2
distro-info,distro-info-1.5+deb12u1/distro-info-util.c,191,branch_num,4,2
distro-info,distro-info-1.5+deb12u1/distro-info-util.c,203,branch_num,4,2
distro-info,distro-info-1.5+deb12u1/distro-info-util.c,209,branch_num,4,2
distro-info,distro-info-1.5+deb12u1/distro-info-util.c,312,branch_num,4,8
distro-info,distro-info-1.5+deb12u1/distro-info-util.c,57,branch_num,2,4
dmidecode,dmidecode-3.4/dmidecode.c,2161,branch_num,5,2
dmidecode,dmidecode-3.4/dmidecode.c,5298,branch_num,3,2
dmidecode,dmidecode-3.4/dmidecode.c,5444,branch_num,2,4
dmidecode,dmidecode-3.4/dmidecode.c,5445,branch_num,4,2
dmidecode,dmidecode-3.4/dmidecode.c,5466,branch_num,6,4
dmidecode,dmidecode-3.4/dmidecode.c,5488,branch_num,2,4
dmidecode,dmidecode-3.4/dmidecode.c,5489,branch_num,4,2
dmidecode,dmidecode-3.4/dmidecode.c,5496,branch_num,2,4
dmidecode,dmidecode-3.4/dmidecode.c,5499,branch_num,4,2
dmidecode,dmidecode-3.4/dmidecode.c,5532,branch_num,6,4
dmidecode,dmidecode-3.4/dmidecode.c,5757,branch_num,3,2
dmidecode,dmidecode-3.4/dmidecode.c,6017,branch_num,3,2
dmidecode,dmidecode-3.4/dmiopt.c,286,branch_num,14,2
dmidecode,dmidecode-3.4/dmiopt.c,335,branch_num,3,2
e2fsprogs,e2fsprogs-1.47.0/e2fsck/encrypted_files.c,131,branch_num,3,2
e2fsprogs,e2fsprogs-1.47.0/e2fsck/encrypted_files.c,171,branch_num,4,2
e2fsprogs,e2fsprogs-1.47.0/e2fsck/extents.c,165,branch_num,4,2
e2fsprogs,e2fsprogs-1.47.0/e2fsck/extents.c,33,branch_num,4,2
e2fsprogs,e2fsprogs-1.47.0/e2fsck/extents.c,34,branch_num,2,4
e2fsprogs,e2fsprogs-1.47.0/e2fsck/extents.c,375,branch_num,6,4
e2fsprogs,e2fsprogs-1.47.0/e2fsck/extents.c,386,branch_num,4,2
e2fsprogs,e2fsprogs-1.47.0/e2fsck/extents.c,387,branch_num,2,4
e2fsprogs,e2fsprogs-1.47.0/e2fsck/extents.c,413,branch_num,4,2
e2fsprogs,e2fsprogs-1.47.0/e2fsck/extents.c,501,branch_num,4,2
e2fsprogs,e2fsprogs-1.47.0/e2fsck/journal.c,1026,branch_num,4,2
e2fsprogs,e2fsprogs-1.47.0/e2fsck/journal.c,1155,branch_num,4,2
e2fsprogs,e2fsprogs-1.47.0/e2fsck/journal.c,1182,branch_num,4,2
e2fsprogs,e2fsprogs-1.47.0/e2fsck/journal.c,1311,branch_num,4,2
e2fsprogs,e2fsprogs-1.47.0/e2fsck/journal.c,1346,branch_num,4,2
e2fsprogs,e2fsprogs-1.47.0/e2fsck/journal.c,1350,branch_num,4,2
e2fsprogs,e2fsprogs-1.47.0/e2fsck/journal.c,1514,branch_num,4,2
e2fsprogs,e2fsprogs-1.47.0/e2fsck/journal.c,1524,branch_num,4,2
e2fsprogs,e2fsprogs-1.47.0/e2fsck/journal.c,1534,branch_num,4,2
e2fsprogs,e2fsprogs-1.47.0/e2fsck/journal.c,1558,branch_num,4,2
e2fsprogs,e2fsprogs-1.47.0/e2fsck/journal.c,1565,branch_num,4,2
e2fsprogs,e2fsprogs-1.47.0/e2fsck/journal.c,1580,branch_num,4,2
e2fsprogs,e2fsprogs-1.47.0/e2fsck/journal.c,1762,branch_num,4,2
e2fsprogs,e2fsprogs-1.47.0/e2fsck/journal.c,1875,branch_num,4,2
e2fsprogs,e2fsprogs-1.47.0/e2fsck/journal.c,269,branch_num,6,4
e2fsprogs,e2fsprogs-1.47.0/e2fsck/journal.c,750,branch_num,4,2
e2fsprogs,e2fsprogs-1.47.0/e2fsck/logfile.c,77,branch_num,10,8
e2fsprogs,e2fsprogs-1.47.0/e2fsck/logfile.c,79,branch_num,6,8
e2fsprogs,e2fsprogs-1.47.0/e2fsck/pass1b.c,332,branch_num,4,2
e2fsprogs,e2fsprogs-1.47.0/e2fsck/pass1b.c,350,branch_num,4,2
e2fsprogs,e2fsprogs-1.47.0/e2fsck/pass1b.c,364,branch_num,4,2
e2fsprogs,e2fsprogs-1.47.0/e2fsck/pass1b.c,458,branch_num,6,4
e2fsprogs,e2fsprogs-1.47.0/e2fsck/pass1b.c,604,branch_num,4,2
e2fsprogs,e2fsprogs-1.47.0/e2fsck/pass1b.c,617,branch_num,4,2
e2fsprogs,e2fsprogs-1.47.0/e2fsck/pass1b.c,722,branch_num,4,2
e2fsprogs,e2fsprogs-1.47.0/e2fsck/pass1b.c,744,branch_num,4,2
e2fsprogs,e2fsprogs-1.47.0/e2fsck/pass1.c,1001,branch_num,4,2
e2fsprogs,e2fsprogs-1.47.0/e2fsck/pass1.c,1042,branch_num,4,2
e2fsprogs,e2fsprogs-1.47.0/e2fsck/pass1.c,1339,branch_num,4,2
e2fsprogs,e2fsprogs-1.47.0/e2fsck/pass1.c,1369,branch_num,4,2
e2fsprogs,e2fsprogs-1.47.0/e2fsck/pass1.c,1396,branch_num,4,2
e2fsprogs,e2fsprogs-1.47.0/e2fsck/pass1.c,1435,branch_num,4,2
e2fsprogs,e2fsprogs-1.47.0/e2fsck/pass1.c,1479,branch_num,6,2
e2fsprogs,e2fsprogs-1.47.0/e2fsck/pass1.c,1495,branch_num,4,2
e2fsprogs,e2fsprogs-1.47.0/e2fsck/pass1.c,1517,branch_num,4,2
e2fsprogs,e2fsprogs-1.47.0/e2fsck/pass1.c,1522,branch_num,4,2
e2fsprogs,e2fsprogs-1.47.0/e2fsck/pass1.c,1536,branch_num,4,2
e2fsprogs,e2fsprogs-1.47.0/e2fsck/pass1.c,1669,branch_num,4,2
e2fsprogs,e2fsprogs-1.47.0/e2fsck/pass1.c,1741,branch_num,4,2
e2fsprogs,e2fsprogs-1.47.0/e2fsck/pass1.c,1754,branch_num,6,4
e2fsprogs,e2fsprogs-1.47.0/e2fsck/pass1.c,1766,branch_num,4,2
e2fsprogs,e2fsprogs-1.47.0/e2fsck/pass1.c,1768,branch_num,4,2
e2fsprogs,e2fsprogs-1.47.0/e2fsck/pass1.c,1781,branch_num,6,4
e2fsprogs,e2fsprogs-1.47.0/e2fsck/pass1.c,1794,branch_num,4,2
e2fsprogs,e2fsprogs-1.47.0/e2fsck/pass1.c,1807,branch_num,6,4
e2fsprogs,e2fsprogs-1.47.0/e2fsck/pass1.c,1817,branch_num,4,2
e2fsprogs,e2fsprogs-1.47.0/e2fsck/pass1.c,1877,branch_num,8,6
e2fsprogs,e2fsprogs-1.47.0/e2fsck/pass1.c,1879,branch_num,4,2
e2fsprogs,e2fsprogs-1.47.0/e2fsck/pass1.c,1881,branch_num,4,2
e2fsprogs,e2fsprogs-1.47.0/e2fsck/pass1.c,1885,branch_num,4,2
e2fsprogs,e2fsprogs-1.47.0/e2fsck/pass1.c,1921,branch_num,4,2
e2fsprogs,e2fsprogs-1.47.0/e2fsck/pass1.c,1971,branch_num,4,2
e2fsprogs,e2fsprogs-1.47.0/e2fsck/pass1.c,1992,branch_num,4,2
e2fsprogs,e2fsprogs-1.47.0/e2fsck/pass1.c,2103,branch_num,4,2
e2fsprogs,e2fsprogs-1.47.0/e2fsck/pass1.c,237,branch_num,4,2
e2fsprogs,e2fsprogs-1.47.0/e2fsck/pass1.c,2456,branch_num,4,2
e2fsprogs,e2fsprogs-1.47.0/e2fsck/pass1.c,2537,branch_num,4,2
e2fsprogs,e2fsprogs-1.47.0/e2fsck/pass1.c,2599,branch_num,4,2
e2fsprogs,e2fsprogs-1.47.0/e2fsck/pass1.c,2644,branch_num,4,2
e2fsprogs,e2fsprogs-1.47.0/e2fsck/pass1.c,2708,branch_num,4,2
e2fsprogs,e2fsprogs-1.47.0/e2fsck/pass1.c,2733,branch_num,6,4
e2fsprogs,e2fsprogs-1.47.0/e2fsck/pass1.c,2741,branch_num,4,2
e2fsprogs,e2fsprogs-1.47.0/e2fsck/pass1.c,2746,branch_num,4,2
e2fsprogs,e2fsprogs-1.47.0/e2fsck/pass1.c,2750,branch_num,4,2
e2fsprogs,e2fsprogs-1.47.0/e2fsck/pass1.c,2755,branch_num,4,2
e2fsprogs,e2fsprogs-1.47.0/e2fsck/pass1.c,2761,branch_num,4,2
e2fsprogs,e2fsprogs-1.47.0/e2fsck/pass1.c,2766,branch_num,4,2
e2fsprogs,e2fsprogs-1.47.0/e2fsck/pass1.c,2780,branch_num,4,2
e2fsprogs,e2fsprogs-1.47.0/e2fsck/pass1.c,2803,branch_num,4,2
e2fsprogs,e2fsprogs-1.47.0/e2fsck/pass1.c,2902,branch_num,4,2
e2fsprogs,e2fsprogs-1.47.0/e2fsck/pass1.c,2915,branch_num,4,2
e2fsprogs,e2fsprogs-1.47.0/e2fsck/pass1.c,2920,branch_num,6,4
e2fsprogs,e2fsprogs-1.47.0/e2fsck/pass1.c,2927,branch_num,4,2
e2fsprogs,e2fsprogs-1.47.0/e2fsck/pass1.c,2931,branch_num,8,6
e2fsprogs,e2fsprogs-1.47.0/e2fsck/pass1.c,2956,branch_num,4,2
e2fsprogs,e2fsprogs-1.47.0/e2fsck/pass1.c,3042,branch_num,4,2
e2fsprogs,e2fsprogs-1.47.0/e2fsck/pass1.c,3248,branch_num,4,2
e2fsprogs,e2fsprogs-1.47.0/e2fsck/pass1.c,3305,branch_num,4,2
e2fsprogs,e2fsprogs-1.47.0/e2fsck/pass1.c,3321,branch_num,4,2
e2fsprogs,e2fsprogs-1.47.0/e2fsck/pass1.c,338,branch_num,4,2
e2fsprogs,e2fsprogs-1.47.0/e2fsck/pass1.c,3481,branch_num,4,2
e2fsprogs,e2fsprogs-1.47.0/e2fsck/pass1.c,3526,branch_num,4,2
e2fsprogs,e2fsprogs-1.47.0/e2fsck/pass1.c,3614,branch_num,4,2
e2fsprogs,e2fsprogs-1.47.0/e2fsck/pass1.c,3637,branch_num,4,2
e2fsprogs,e2fsprogs-1.47.0/e2fsck/pass1.c,3788,branch_num,4,2
e2fsprogs,e2fsprogs-1.47.0/e2fsck/pass1.c,3800,branch_num,4,2
e2fsprogs,e2fsprogs-1.47.0/e2fsck/pass1.c,3825,branch_num,4,2
e2fsprogs,e2fsprogs-1.47.0/e2fsck/pass1.c,3947,branch_num,4,2
e2fsprogs,e2fsprogs-1.47.0/e2fsck/pass1.c,4239,branch_num,4,2
e2fsprogs,e2fsprogs-1.47.0/e2fsck/pass1.c,4405,branch_num,4,2
e2fsprogs,e2fsprogs-1.47.0/e2fsck/pass1.c,4425,branch_num,4,2
e2fsprogs,e2fsprogs-1.47.0/e2fsck/pass1.c,489,branch_num,4,2
e2fsprogs,e2fsprogs-1.47.0/e2fsck/pass1.c,583,branch_num,4,2
e2fsprogs,e2fsprogs-1.47.0/e2fsck/pass1.c,629,branch_num,4,2
e2fsprogs,e2fsprogs-1.47.0/e2fsck/pass1.c,679,branch_num,4,2
e2fsprogs,e2fsprogs-1.47.0/e2fsck/pass1.c,730,branch_num,4,2
e2fsprogs,e2fsprogs-1.47.0/e2fsck/pass1.c,732,branch_num,4,2
e2fsprogs,e2fsprogs-1.47.0/e2fsck/pass1.c,756,branch_num,4,2
e2fsprogs,e2fsprogs-1.47.0/e2fsck/pass2.c,1130,branch_num,6,4
e2fsprogs,e2fsprogs-1.47.0/e2fsck/pass2.c,1145,branch_num,4,2
e2fsprogs,e2fsprogs-1.47.0/e2fsck/pass2.c,1247,branch_num,4,2
e2fsprogs,e2fsprogs-1.47.0/e2fsck/pass2.c,1261,branch_num,4,2
e2fsprogs,e2fsprogs-1.47.0/e2fsck/pass2.c,1268,branch_num,4,2
e2fsprogs,e2fsprogs-1.47.0/e2fsck/pass2.c,1273,branch_num,8,6
e2fsprogs,e2fsprogs-1.47.0/e2fsck/pass2.c,1315,branch_num,4,2
e2fsprogs,e2fsprogs-1.47.0/e2fsck/pass2.c,1444,branch_num,4,2
e2fsprogs,e2fsprogs-1.47.0/e2fsck/pass2.c,1452,branch_num,4,2
e2fsprogs,e2fsprogs-1.47.0/e2fsck/pass2.c,1511,branch_num,4,2
e2fsprogs,e2fsprogs-1.47.0/e2fsck/pass2.c,1575,branch_num,4,2
e2fsprogs,e2fsprogs-1.47.0/e2fsck/pass2.c,1597,branch_num,4,2
e2fsprogs,e2fsprogs-1.47.0/e2fsck/pass2.c,1643,branch_num,4,2
e2fsprogs,e2fsprogs-1.47.0/e2fsck/pass2.c,1732,branch_num,4,2
e2fsprogs,e2fsprogs-1.47.0/e2fsck/pass2.c,1734,branch_num,4,2
e2fsprogs,e2fsprogs-1.47.0/e2fsck/pass2.c,1835,branch_num,4,2
e2fsprogs,e2fsprogs-1.47.0/e2fsck/pass2.c,1865,branch_num,4,2
e2fsprogs,e2fsprogs-1.47.0/e2fsck/pass2.c,1951,branch_num,4,2
e2fsprogs,e2fsprogs-1.47.0/e2fsck/pass2.c,2028,branch_num,4,2
e2fsprogs,e2fsprogs-1.47.0/e2fsck/pass2.c,2038,branch_num,4,2
e2fsprogs,e2fsprogs-1.47.0/e2fsck/pass2.c,2050,branch_num,4,2
e2fsprogs,e2fsprogs-1.47.0/e2fsck/pass2.c,305,branch_num,4,2
e2fsprogs,e2fsprogs-1.47.0/e2fsck/pass2.c,311,branch_num,4,2
e2fsprogs,e2fsprogs-1.47.0/e2fsck/pass2.c,447,branch_num,4,2
e2fsprogs,e2fsprogs-1.47.0/e2fsck/pass2.c,602,branch_num,4,2
e2fsprogs,e2fsprogs-1.47.0/e2fsck/pass2.c,614,branch_num,4,2
e2fsprogs,e2fsprogs-1.47.0/e2fsck/pass2.c,666,branch_num,4,2
e2fsprogs,e2fsprogs-1.47.0/e2fsck/pass2.c,674,branch_num,4,2
e2fsprogs,e2fsprogs-1.47.0/e2fsck/pass2.c,724,branch_num,4,2
e2fsprogs,e2fsprogs-1.47.0/e2fsck/pass2.c,960,branch_num,4,2
e2fsprogs,e2fsprogs-1.47.0/e2fsck/pass2.c,963,branch_num,4,2
e2fsprogs,e2fsprogs-1.47.0/e2fsck/pass3.c,320,branch_num,4,2
e2fsprogs,e2fsprogs-1.47.0/e2fsck/pass3.c,373,branch_num,4,2
e2fsprogs,e2fsprogs-1.47.0/e2fsck/pass3.c,490,branch_num,4,2
e2fsprogs,e2fsprogs-1.47.0/e2fsck/pass3.c,510,branch_num,4,2
e2fsprogs,e2fsprogs-1.47.0/e2fsck/pass4.c,202,branch_num,6,4
e2fsprogs,e2fsprogs-1.47.0/e2fsck/pass4.c,206,branch_num,4,2
e2fsprogs,e2fsprogs-1.47.0/e2fsck/pass4.c,208,branch_num,4,2
e2fsprogs,e2fsprogs-1.47.0/e2fsck/pass4.c,238,branch_num,4,2
e2fsprogs,e2fsprogs-1.47.0/e2fsck/pass4.c,43,branch_num,4,2
e2fsprogs,e2fsprogs-1.47.0/e2fsck/pass4.c,50,branch_num,4,2
e2fsprogs,e2fsprogs-1.47.0/e2fsck/pass5.c,206,branch_num,4,2
e2fsprogs,e2fsprogs-1.47.0/e2fsck/pass5.c,272,branch_num,5,2
e2fsprogs,e2fsprogs-1.47.0/e2fsck/pass5.c,589,branch_num,4,2
e2fsprogs,e2fsprogs-1.47.0/e2fsck/pass5.c,602,branch_num,4,2
e2fsprogs,e2fsprogs-1.47.0/e2fsck/pass5.c,621,branch_num,4,2
e2fsprogs,e2fsprogs-1.47.0/e2fsck/pass5.c,758,branch_num,4,2
e2fsprogs,e2fsprogs-1.47.0/e2fsck/problem.c,2551,branch_num,4,2
e2fsprogs,e2fsprogs-1.47.0/e2fsck/quota.c,121,branch_num,4,2
e2fsprogs,e2fsprogs-1.47.0/e2fsck/quota.c,79,branch_num,4,2
e2fsprogs,e2fsprogs-1.47.0/e2fsck/quota.c,88,branch_num,6,4
e2fsprogs,e2fsprogs-1.47.0/e2fsck/readahead.c,124,branch_num,4,2
e2fsprogs,e2fsprogs-1.47.0/e2fsck/readahead.c,134,branch_num,4,2
e2fsprogs,e2fsprogs-1.47.0/e2fsck/readahead.c,188,branch_num,4,2
e2fsprogs,e2fsprogs-1.47.0/e2fsck/readahead.c,198,branch_num,4,2
e2fsprogs,e2fsprogs-1.47.0/e2fsck/recovery.c,563,branch_num,4,2
e2fsprogs,e2fsprogs-1.47.0/e2fsck/recovery.c,588,branch_num,4,2
e2fsprogs,e2fsprogs-1.47.0/e2fsck/recovery.c,773,branch_num,4,2
e2fsprogs,e2fsprogs-1.47.0/e2fsck/recovery.c,794,branch_num,4,2
e2fsprogs,e2fsprogs-1.47.0/e2fsck/recovery.c,800,branch_num,4,2
e2fsprogs,e2fsprogs-1.47.0/e2fsck/recovery.c,826,branch_num,4,2
e2fsprogs,e2fsprogs-1.47.0/e2fsck/rehash.c,480,branch_num,4,2
e2fsprogs,e2fsprogs-1.47.0/e2fsck/rehash.c,487,branch_num,4,2
e2fsprogs,e2fsprogs-1.47.0/e2fsck/rehash.c,512,branch_num,4,2
e2fsprogs,e2fsprogs-1.47.0/e2fsck/sigcatcher.c,368,branch_num,4,2
e2fsprogs,e2fsprogs-1.47.0/e2fsck/sigcatcher.c,370,branch_num,2,4
e2fsprogs,e2fsprogs-1.47.0/e2fsck/super.c,1005,branch_num,4,2
e2fsprogs,e2fsprogs-1.47.0/e2fsck/super.c,1014,branch_num,4,2
e2fsprogs,e2fsprogs-1.47.0/e2fsck/super.c,1023,branch_num,4,2
e2fsprogs,e2fsprogs-1.47.0/e2fsck/super.c,1034,branch_num,4,2
e2fsprogs,e2fsprogs-1.47.0/e2fsck/super.c,1044,branch_num,4,2
e2fsprogs,e2fsprogs-1.47.0/e2fsck/super.c,1054,branch_num,4,2
e2fsprogs,e2fsprogs-1.47.0/e2fsck/super.c,1063,branch_num,4,2
e2fsprogs,e2fsprogs-1.47.0/e2fsck/super.c,1102,branch_num,4,2
e2fsprogs,e2fsprogs-1.47.0/e2fsck/super.c,1112,branch_num,4,2
e2fsprogs,e2fsprogs-1.47.0/e2fsck/super.c,111,branch_num,4,2
e2fsprogs,e2fsprogs-1.47.0/e2fsck/super.c,1154,branch_num,4,2
e2fsprogs,e2fsprogs-1.47.0/e2fsck/super.c,1167,branch_num,4,2
e2fsprogs,e2fsprogs-1.47.0/e2fsck/super.c,1176,branch_num,4,2
e2fsprogs,e2fsprogs-1.47.0/e2fsck/super.c,1219,branch_num,6,4
e2fsprogs,e2fsprogs-1.47.0/e2fsck/super.c,1221,branch_num,2,4
e2fsprogs,e2fsprogs-1.47.0/e2fsck/super.c,1237,branch_num,4,2
e2fsprogs,e2fsprogs-1.47.0/e2fsck/super.c,1239,branch_num,4,2
e2fsprogs,e2fsprogs-1.47.0/e2fsck/super.c,1240,branch_num,2,4
e2fsprogs,e2fsprogs-1.47.0/e2fsck/super.c,1253,branch_num,4,2
e2fsprogs,e2fsprogs-1.47.0/e2fsck/super.c,1272,branch_num,4,2
e2fsprogs,e2fsprogs-1.47.0/e2fsck/super.c,1412,branch_num,4,2
e2fsprogs,e2fsprogs-1.47.0/e2fsck/super.c,1437,branch_num,4,2
e2fsprogs,e2fsprogs-1.47.0/e2fsck/super.c,334,branch_num,4,2
e2fsprogs,e2fsprogs-1.47.0/e2fsck/super.c,502,branch_num,4,2
e2fsprogs,e2fsprogs-1.47.0/e2fsck/super.c,534,branch_num,6,4
e2fsprogs,e2fsprogs-1.47.0/e2fsck/super.c,551,branch_num,4,2
e2fsprogs,e2fsprogs-1.47.0/e2fsck/super.c,719,branch_num,4,2
e2fsprogs,e2fsprogs-1.47.0/e2fsck/super.c,760,branch_num,4,2
e2fsprogs,e2fsprogs-1.47.0/e2fsck/super.c,780,branch_num,4,2
e2fsprogs,e2fsprogs-1.47.0/e2fsck/super.c,841,branch_num,4,2
e2fsprogs,e2fsprogs-1.47.0/e2fsck/super.c,883,branch_num,4,2
e2fsprogs,e2fsprogs-1.47.0/e2fsck/super.c,975,branch_num,4,2
e2fsprogs,e2fsprogs-1.47.0/e2fsck/super.c,994,branch_num,4,2
e2fsprogs,e2fsprogs-1.47.0/e2fsck/unix.c,1001,branch_val,"[0, 0]","[0, 1]"
e2fsprogs,e2fsprogs-1.47.0/e2fsck/unix.c,1007,branch_val,"[0, 0, 0, 0]","[0, 0, 0, 1]"
e2fsprogs,e2fsprogs-1.47.0/e2fsck/unix.c,1012,branch_val,"[0, 0, 0, 0]","[0, 0, 0, 1]"
e2fsprogs,e2fsprogs-1.47.0/e2fsck/unix.c,1017,branch_val,"[0, 0]","[0, 1]"
e2fsprogs,e2fsprogs-1.47.0/e2fsck/unix.c,1021,branch_val,"[0, 0]","[0, 1]"
e2fsprogs,e2fsprogs-1.47.0/e2fsck/unix.c,1024,branch_val,"[0, 0]","[0, 1]"
e2fsprogs,e2fsprogs-1.47.0/e2fsck/unix.c,1029,branch_val,"[0, 0]","[0, 1]"
e2fsprogs,e2fsprogs-1.47.0/e2fsck/unix.c,1033,branch_val,"[0, 0]","[0, 1]"
e2fsprogs,e2fsprogs-1.47.0/e2fsck/unix.c,1035,branch_val,"[0, 0]","[0, 1]"
e2fsprogs,e2fsprogs-1.47.0/e2fsck/unix.c,1041,branch_val,"[0, 0]","[0, 1]"
e2fsprogs,e2fsprogs-1.47.0/e2fsck/unix.c,1048,branch_val,"[0, 0]","[0, 1]"
e2fsprogs,e2fsprogs-1.47.0/e2fsck/unix.c,1055,branch_val,"[0, 0]","[0, 1]"
e2fsprogs,e2fsprogs-1.47.0/e2fsck/unix.c,1059,branch_val,"[0, 0]","[0, 1]"
e2fsprogs,e2fsprogs-1.47.0/e2fsck/unix.c,1064,branch_val,"[0, 0]","[0, 1]"
e2fsprogs,e2fsprogs-1.47.0/e2fsck/unix.c,1069,branch_val,"[0, 0]","[0, 1]"
e2fsprogs,e2fsprogs-1.47.0/e2fsck/unix.c,1072,branch_val,"[0, 0]","[0, 1]"
e2fsprogs,e2fsprogs-1.47.0/e2fsck/unix.c,1087,branch_val,"[0, 0]","[0, 1]"
e2fsprogs,e2fsprogs-1.47.0/e2fsck/unix.c,1091,branch_val,"[0, 0]","[0, 1]"
e2fsprogs,e2fsprogs-1.47.0/e2fsck/unix.c,1107,branch_val,"[0, 0, 0, 0]","[0, 0, 0, 1]"
e2fsprogs,e2fsprogs-1.47.0/e2fsck/unix.c,1130,branch_val,"[0, 0]","[0, 1]"
e2fsprogs,e2fsprogs-1.47.0/e2fsck/unix.c,1281,branch_num,4,2
e2fsprogs,e2fsprogs-1.47.0/e2fsck/unix.c,1341,branch_num,6,4
e2fsprogs,e2fsprogs-1.47.0/e2fsck/unix.c,1438,branch_val,"[0, 0]","[0, 1]"
e2fsprogs,e2fsprogs-1.47.0/e2fsck/unix.c,1446,branch_val,"[0, 0]","[0, 1]"
e2fsprogs,e2fsprogs-1.47.0/e2fsck/unix.c,1457,branch_val,"[0, 0]","[0, 1]"
e2fsprogs,e2fsprogs-1.47.0/e2fsck/unix.c,1472,branch_val,"[0, 0, 0, 0]","[0, 0, 0, 1]"
e2fsprogs,e2fsprogs-1.47.0/e2fsck/unix.c,1476,branch_val,"[0, 0]","[0, 1]"
e2fsprogs,e2fsprogs-1.47.0/e2fsck/unix.c,1484,branch_val,"[0, 0]","[0, 1]"
e2fsprogs,e2fsprogs-1.47.0/e2fsck/unix.c,1527,branch_num,4,2
e2fsprogs,e2fsprogs-1.47.0/e2fsck/unix.c,1531,branch_num,2,4
e2fsprogs,e2fsprogs-1.47.0/e2fsck/unix.c,1575,branch_num,4,2
e2fsprogs,e2fsprogs-1.47.0/e2fsck/unix.c,1577,branch_num,2,4
e2fsprogs,e2fsprogs-1.47.0/e2fsck/unix.c,1630,branch_num,4,2
e2fsprogs,e2fsprogs-1.47.0/e2fsck/unix.c,1914,branch_num,4,2
e2fsprogs,e2fsprogs-1.47.0/e2fsck/unix.c,1972,branch_num,4,2
e2fsprogs,e2fsprogs-1.47.0/e2fsck/unix.c,1986,branch_num,4,2
e2fsprogs,e2fsprogs-1.47.0/e2fsck/unix.c,1991,branch_num,4,2
e2fsprogs,e2fsprogs-1.47.0/e2fsck/unix.c,2026,branch_num,4,2
e2fsprogs,e2fsprogs-1.47.0/e2fsck/unix.c,2042,branch_num,6,4
e2fsprogs,e2fsprogs-1.47.0/e2fsck/unix.c,376,branch_num,4,2
e2fsprogs,e2fsprogs-1.47.0/e2fsck/unix.c,388,branch_num,2,4
e2fsprogs,e2fsprogs-1.47.0/e2fsck/unix.c,401,branch_num,2,4
e2fsprogs,e2fsprogs-1.47.0/e2fsck/unix.c,430,branch_num,4,2
e2fsprogs,e2fsprogs-1.47.0/e2fsck/unix.c,439,branch_num,4,2
e2fsprogs,e2fsprogs-1.47.0/e2fsck/unix.c,548,branch_num,4,2
e2fsprogs,e2fsprogs-1.47.0/e2fsck/unix.c,549,branch_num,2,4
e2fsprogs,e2fsprogs-1.47.0/e2fsck/unix.c,689,branch_num,4,2
e2fsprogs,e2fsprogs-1.47.0/e2fsck/unix.c,690,branch_num,2,4
e2fsprogs,e2fsprogs-1.47.0/e2fsck/util.c,422,branch_num,6,4
e2fsprogs,e2fsprogs-1.47.0/e2fsck/util.c,423,branch_num,2,4
e2fsprogs,e2fsprogs-1.47.0/lib/ext2fs/ext2fs.h,726,branch_num,8,4
e2fsprogs,e2fsprogs-1.47.0/lib/support/dict.c,251,branch_num,4,2
e2fsprogs,e2fsprogs-1.47.0/lib/support/dict.c,493,branch_num,4,2
e2fsprogs,e2fsprogs-1.47.0/lib/support/mkquota.c,125,branch_num,4,2
e2fsprogs,e2fsprogs-1.47.0/lib/support/mkquota.c,511,branch_num,4,2
e2fsprogs,e2fsprogs-1.47.0/lib/support/quotaio.c,248,branch_num,4,2
e2fsprogs,e2fsprogs-1.47.0/lib/support/quotaio.c,89,branch_num,2,4
e2fsprogs,e2fsprogs-1.47.0/lib/support/quotaio.c,98,branch_num,2,4
file,file-5.44/src/file.c,593,branch_num,4,2
file,file-5.44/src/file.c,674,branch_num,4,2
file,file-5.44/src/file.c,683,branch_num,6,4
grep,grep-3.8/lib/basename-lgpl.c,59,branch_num,4,2
grep,grep-3.8/lib/closeout.c,134,branch_num,2,4
grep,grep-3.8/lib/cycle-check.c,60,branch_num,2,4
grep,grep-3.8/lib/cycle-check.c,65,branch_num,6,2
grep,grep-3.8/lib/dfa.c,1010,branch_num,2,4
grep,grep-3.8/lib/dfa.c,1076,branch_num,2,4
grep,grep-3.8/lib/dfa.c,1552,branch_num,4,2
grep,grep-3.8/lib/dfa.c,1553,branch_num,2,4
grep,grep-3.8/lib/dfa.c,1965,branch_num,2,4
grep,grep-3.8/lib/dfa.c,1966,branch_num,6,4
grep,grep-3.8/lib/dfa.c,2006,branch_num,2,4
grep,grep-3.8/lib/dfa.c,2007,branch_num,4,2
grep,grep-3.8/lib/dfa.c,2142,branch_num,2,4
grep,grep-3.8/lib/dfa.c,3281,branch_num,2,4
grep,grep-3.8/lib/dfa.c,3667,branch_num,3,2
grep,grep-3.8/lib/dfa.c,4224,branch_num,2,4
grep,grep-3.8/lib/dfa.c,4401,branch_num,3,2
grep,grep-3.8/lib/exclude.c,147,branch_num,6,2
grep,grep-3.8/lib/exclude.c,260,branch_num,3,2
grep,grep-3.8/lib/exclude.c,284,branch_num,3,2
grep,grep-3.8/lib/exclude.c,549,branch_num,4,2
grep,grep-3.8/lib/fts.c,1071,branch_num,4,2
grep,grep-3.8/lib/fts.c,1098,branch_num,8,6
grep,grep-3.8/lib/fts.c,1099,branch_num,2,4
grep,grep-3.8/lib/fts.c,1305,branch_num,12,2
grep,grep-3.8/lib/fts.c,1386,branch_num,4,2
grep,grep-3.8/lib/fts.c,1436,branch_num,10,2
grep,grep-3.8/lib/fts.c,1501,branch_num,4,2
grep,grep-3.8/lib/fts.c,1587,branch_num,10,8
grep,grep-3.8/lib/fts.c,1588,branch_num,2,4
grep,grep-3.8/lib/fts.c,1770,branch_num,4,2
grep,grep-3.8/lib/fts.c,2007,branch_num,4,2
grep,grep-3.8/lib/fts.c,2016,branch_num,4,2
grep,grep-3.8/lib/fts.c,2021,branch_num,6,4
grep,grep-3.8/lib/fts.c,2053,branch_num,4,2
grep,grep-3.8/lib/fts.c,309,branch_num,4,2
grep,grep-3.8/lib/fts.c,440,branch_num,2,4
grep,grep-3.8/lib/fts.c,462,branch_num,4,2
grep,grep-3.8/lib/fts.c,844,branch_num,4,2
grep,grep-3.8/lib/fts.c,885,branch_num,4,2
grep,grep-3.8/lib/fts.c,898,branch_num,4,2
grep,grep-3.8/lib/fts-cycle.c,37,branch_num,4,2
grep,grep-3.8/lib/hash.c,1011,branch_num,4,2
grep,grep-3.8/lib/localeinfo.c,70,branch_num,2,4
grep,grep-3.8/lib/mbchar.h,245,branch_num,2,4
grep,grep-3.8/lib/mbuiter.h,143,branch_num,2,4
grep,grep-3.8/lib/mbuiter.h,171,branch_num,2,4
grep,grep-3.8/lib/mbuiter.h,172,branch_num,2,4
grep,grep-3.8/lib/quotearg.c,405,branch_num,2,4
grep,grep-3.8/lib/quotearg.c,647,branch_num,2,4
grep,grep-3.8/lib/sigsegv.c,1070,branch_num,4,2
grep,grep-3.8/lib/stackvma.c,268,branch_val,"[0, 6518]","[0, 6666]"
grep,grep-3.8/lib/stackvma.c,281,branch_val,"[0, 5278]","[0, 5314]"
grep,grep-3.8/lib/stackvma.c,359,branch_num,4,2
grep,grep-3.8/lib/stackvma.c,363,branch_val,"[0, 52, 52, 4038, 4038, 4090]","[0, 52, 52, 3962, 3962, 4014]"
grep,grep-3.8/lib/version-etc.c,208,branch_num,4,2
grep,grep-3.8/lib/xmalloc.c,256,branch_num,4,2
grep,grep-3.8/lib/xstrtol.c,153,branch_num,3,2
grep,grep-3.8/lib/xstrtol.c,85,branch_num,4,8
grep,grep-3.8/src/dfasearch.c,410,branch_num,2,4
grep,grep-3.8/src/dfasearch.c,415,branch_num,2,4
grep,grep-3.8/src/grep.c,1026,branch_num,2,4
grep,grep-3.8/src/grep.c,1219,branch_num,4,2
grep,grep-3.8/src/grep.c,1312,branch_num,2,4
grep,grep-3.8/src/grep.c,1430,branch_num,2,4
grep,grep-3.8/src/grep.c,1603,branch_num,4,6
grep,grep-3.8/src/grep.c,1666,branch_num,2,4
grep,grep-3.8/src/grep.c,1667,branch_num,4,2
grep,grep-3.8/src/grep.c,1677,branch_num,6,4
grep,grep-3.8/src/grep.c,1805,branch_num,2,4
grep,grep-3.8/src/grep.c,1811,branch_num,4,2
grep,grep-3.8/src/grep.c,1812,branch_num,2,4
grep,grep-3.8/src/grep.c,1813,branch_num,4,2
grep,grep-3.8/src/grep.c,1906,branch_num,6,2
grep,grep-3.8/src/grep.c,2400,branch_num,4,2
grep,grep-3.8/src/grep.c,2857,branch_num,6,4
grep,grep-3.8/src/grep.c,2960,branch_num,6,4
grep,grep-3.8/src/grep.c,2985,branch_num,2,4
grep,grep-3.8/src/grep.c,621,branch_num,4,2
grep,grep-3.8/src/grep.c,796,branch_num,2,4
grep,grep-3.8/src/grep.c,800,branch_num,2,4
grep,grep-3.8/src/kwset.c,677,branch_num,4,2
gzip,gzip-1.12/deflate.c,470,branch_num,2,4
gzip,gzip-1.12/deflate.c,473,branch_num,8,4
gzip,gzip-1.12/deflate.c,493,branch_num,4,2
gzip,gzip-1.12/deflate.c,609,branch_num,4,2
gzip,gzip-1.12/deflate.c,704,branch_num,4,2
gzip,gzip-1.12/deflate.c,798,branch_num,4,2
gzip,gzip-1.12/deflate.c,810,branch_num,4,2
gzip,gzip-1.12/gzip.c,1191,branch_num,4,2
gzip,gzip-1.12/gzip.c,1707,branch_num,4,2
gzip,gzip-1.12/gzip.c,1842,branch_num,4,2
gzip,gzip-1.12/gzip.c,1935,branch_num,2,4
gzip,gzip-1.12/gzip.c,1936,branch_num,4,2
gzip,gzip-1.12/gzip.c,437,branch_num,4,2
gzip,gzip-1.12/gzip.c,473,branch_num,4,2
gzip,gzip-1.12/gzip.c,658,branch_num,6,8
gzip,gzip-1.12/gzip.c,734,branch_num,2,4
gzip,gzip-1.12/gzip.c,759,branch_num,2,4
gzip,gzip-1.12/gzip.c,762,branch_num,4,6
gzip,gzip-1.12/gzip.c,854,branch_num,2,4
gzip,gzip-1.12/lib/basename-lgpl.c,59,branch_num,4,2
gzip,gzip-1.12/lib/utimens.c,394,branch_num,2,4
gzip,gzip-1.12/lib/xmalloc.c,256,branch_num,4,2
gzip,gzip-1.12/trees.c,468,branch_num,8,2
hostname,hostname-3.23+nmu1/hostname.c,133,branch_num,2,4
hostname,hostname-3.23+nmu1/hostname.c,134,branch_num,4,2
hostname,hostname-3.23+nmu1/hostname.c,313,branch_num,4,2
hostname,hostname-3.23+nmu1/hostname.c,98,branch_num,2,4
hostname,hostname-3.23+nmu1/hostname.c,99,branch_num,4,2
ifupdown,ifupdown-0.8.41/archcommon.c,179,branch_num,3,2
ifupdown,ifupdown-0.8.41/inet6.c,183,branch_num,4,2
ifupdown,ifupdown-0.8.41/inet.c,92,branch_num,4,2
ifupdown,ifupdown-0.8.41/link.c,43,branch_num,4,2
ifupdown,ifupdown-0.8.41/main.c,1461,branch_val,"[0, 0]","[0, 1]"
ifupdown,ifupdown-0.8.41/main.c,1468,branch_val,"[0, 0]","[0, 1]"
ifupdown,ifupdown-0.8.41/main.c,1471,branch_val,"[0, 0, 0, 0, 0, 0, 0, 0, 0, 0]","[0, 0, 0, 0, 0, 0, 0, 0, 0, 1]"
ifupdown,ifupdown-0.8.41/main.c,1478,branch_val,"[0, 0]","[0, 1]"
ifupdown,ifupdown-0.8.41/main.c,1489,branch_val,"[0, 0]","[0, 1]"
ifupdown,ifupdown-0.8.41/main.c,1492,branch_val,"[0, 0]","[0, 1]"
ifupdown,ifupdown-0.8.41/main.c,1495,branch_val,"[0, 0]","[0, 1]"
inetutils,inetutils-2.4/lib/argp-fmtstream.c,274,branch_num,2,4
inetutils,inetutils-2.4/lib/argp-fmtstream.c,277,branch_num,4,2
inetutils,inetutils-2.4/lib/argp-help.c,1037,branch_num,2,4
inetutils,inetutils-2.4/lib/argp-help.c,1239,branch_num,4,2
inetutils,inetutils-2.4/lib/argp-help.c,1248,branch_num,4,2
inetutils,inetutils-2.4/lib/argp-help.c,1272,branch_num,4,2
inetutils,inetutils-2.4/lib/argp-help.c,1289,branch_num,4,2
inetutils,inetutils-2.4/lib/argp-help.c,1855,branch_num,4,2
inetutils,inetutils-2.4/lib/argp-help.c,449,branch_num,2,4
inetutils,inetutils-2.4/lib/argp-help.c,459,branch_num,2,4
inetutils,inetutils-2.4/lib/argp-help.c,473,branch_num,4,8
inetutils,inetutils-2.4/lib/argp-help.c,496,branch_num,4,2
inetutils,inetutils-2.4/lib/argp-help.c,501,branch_num,4,2
inetutils,inetutils-2.4/lib/argp-help.c,571,branch_num,4,2
inetutils,inetutils-2.4/lib/argp-help.c,635,branch_num,4,2
inetutils,inetutils-2.4/lib/argp-help.c,654,branch_num,6,4
inetutils,inetutils-2.4/lib/argp-help.c,848,branch_num,6,4
inetutils,inetutils-2.4/lib/argp-help.c,850,branch_num,6,4
inetutils,inetutils-2.4/lib/argp-help.c,969,branch_num,4,8
inetutils,inetutils-2.4/lib/argp-help.c,999,branch_num,4,2
inetutils,inetutils-2.4/lib/argp-parse.c,752,branch_val,"[0, 0]","[0, 1]"
inetutils,inetutils-2.4/lib/argp-parse.c,861,branch_val,"[0, 0]","[0, 1]"
inetutils,inetutils-2.4/lib/argp-parse.c,926,branch_val,"[0, 1]","[1, 1]"
inetutils,inetutils-2.4/lib/basename-lgpl.c,58,branch_num,4,2
inetutils,inetutils-2.4/lib/getopt.c,518,branch_num,6,2
inetutils,inetutils-2.4/libinetutils/localhost.c,66,branch_num,4,2
inetutils,inetutils-2.4/libtelnet/encrypt.c,175,branch_num,4,2
inetutils,inetutils-2.4/libtelnet/encrypt.c,187,branch_num,4,2
inetutils,inetutils-2.4/libtelnet/encrypt.c,230,branch_num,4,2
inetutils,inetutils-2.4/libtelnet/encrypt.c,286,branch_num,4,6
inetutils,inetutils-2.4/libtelnet/encrypt.c,540,branch_num,6,4
inetutils,inetutils-2.4/libtelnet/encrypt.c,581,branch_num,4,2
inetutils,inetutils-2.4/libtelnet/encrypt.c,590,branch_num,4,2
inetutils,inetutils-2.4/libtelnet/encrypt.c,630,branch_num,4,2
inetutils,inetutils-2.4/libtelnet/encrypt.c,639,branch_num,4,2
inetutils,inetutils-2.4/libtelnet/encrypt.c,702,branch_num,4,2
inetutils,inetutils-2.4/libtelnet/encrypt.c,886,branch_num,4,2
inetutils,inetutils-2.4/libtelnet/kerberos5.c,716,branch_num,8,2
inetutils,inetutils-2.4/libtelnet/kerberos5.c,768,branch_num,3,2
inetutils,inetutils-2.4/lib/version-etc.c,208,branch_num,4,2
inetutils,inetutils-2.4/lib/xmalloc.c,257,branch_num,4,2
inetutils,inetutils-2.4/lib/xmalloc.c,35,branch_val,"[0, 34]","[0, 35]"
inetutils,inetutils-2.4/telnet/commands.c,1572,branch_num,6,4
inetutils,inetutils-2.4/telnet/commands.c,1573,branch_num,4,6
inetutils,inetutils-2.4/telnet/commands.c,1630,branch_num,6,4
inetutils,inetutils-2.4/telnet/commands.c,1631,branch_num,4,6
inetutils,inetutils-2.4/telnet/commands.c,1879,branch_val,"[37, 674]","[38, 712]"
inetutils,inetutils-2.4/telnet/commands.c,1881,branch_val,"[1, 673]","[1, 711]"
inetutils,inetutils-2.4/telnet/commands.c,1897,branch_val,"[1, 34]","[1, 35]"
inetutils,inetutils-2.4/telnet/commands.c,1900,branch_val,"[0, 34]","[0, 35]"
inetutils,inetutils-2.4/telnet/commands.c,1946,branch_val,"[0, 34]","[0, 35]"
inetutils,inetutils-2.4/telnet/commands.c,1957,branch_val,"[1, 33]","[1, 34]"
inetutils,inetutils-2.4/telnet/commands.c,2325,branch_num,6,2
inetutils,inetutils-2.4/telnet/commands.c,2384,branch_num,4,2
inetutils,inetutils-2.4/telnet/main.c,370,branch_val,"[0, 0]","[0, 1]"
inetutils,inetutils-2.4/telnet/main.c,376,branch_val,"[0, 0]","[0, 1]"
inetutils,inetutils-2.4/telnet/network.c,102,branch_num,2,4
inetutils,inetutils-2.4/telnet/ring.c,192,branch_num,6,4
inetutils,inetutils-2.4/telnet/ring.c,238,branch_num,6,2
inetutils,inetutils-2.4/telnet/ring.c,288,branch_num,6,2
inetutils,inetutils-2.4/telnet/ring.c,334,branch_num,6,2
inetutils,inetutils-2.4/telnet/sys_bsd.c,1129,branch_num,4,2
inetutils,inetutils-2.4/telnet/sys_bsd.c,131,branch_num,2,4
inetutils,inetutils-2.4/telnet/sys_bsd.c,1328,branch_num,6,4
inetutils,inetutils-2.4/telnet/sys_bsd.c,132,branch_num,2,4
inetutils,inetutils-2.4/telnet/sys_bsd.c,133,branch_num,2,4
inetutils,inetutils-2.4/telnet/telnet.c,1766,branch_num,3,2
inetutils,inetutils-2.4/telnet/telnet.c,1800,branch_val,"[1, 33]","[1, 34]"
inetutils,inetutils-2.4/telnet/telnet.c,1801,branch_val,"[0, 33]","[0, 34]"
inetutils,inetutils-2.4/telnet/telnet.c,1802,branch_val,"[0, 33]","[0, 34]"
inetutils,inetutils-2.4/telnet/telnet.c,1803,branch_val,"[0, 33]","[0, 34]"
inetutils,inetutils-2.4/telnet/telnet.c,1804,branch_val,"[0, 0, 33, 33]","[0, 0, 34, 34]"
inetutils,inetutils-2.4/telnet/telnet.c,1876,branch_num,10,2
inetutils,inetutils-2.4/telnet/telnet.c,1885,branch_num,4,2
inetutils,inetutils-2.4/telnet/telnet.c,1928,branch_num,4,2
inetutils,inetutils-2.4/telnet/telnet.c,1944,branch_num,4,2
inetutils,inetutils-2.4/telnet/telnet.c,2259,branch_num,6,4
inetutils,inetutils-2.4/telnet/telnet.c,226,branch_num,4,2
inetutils,inetutils-2.4/telnet/telnet.c,2281,branch_num,6,4
inetutils,inetutils-2.4/telnet/telnet.c,2380,branch_num,4,2
inetutils,inetutils-2.4/telnet/telnet.c,2382,branch_num,4,2
inetutils,inetutils-2.4/telnet/telnet.c,242,branch_num,4,2
inetutils,inetutils-2.4/telnet/telnet.c,258,branch_num,4,2
inetutils,inetutils-2.4/telnet/telnet.c,274,branch_num,4,2
inetutils,inetutils-2.4/telnet/telnet.c,294,branch_num,4,2
inetutils,inetutils-2.4/telnet/telnet.c,298,branch_num,4,2
inetutils,inetutils-2.4/telnet/telnet.c,385,branch_num,4,2
inetutils,inetutils-2.4/telnet/telnet.c,389,branch_num,4,2
inetutils,inetutils-2.4/telnet/telnet.c,440,branch_num,4,2
inetutils,inetutils-2.4/telnet/telnet.c,561,branch_num,4,2
inetutils,inetutils-2.4/telnet/telnet.c,565,branch_num,4,2
inetutils,inetutils-2.4/telnet/telnet.c,796,branch_num,4,2
inetutils,inetutils-2.4/telnet/telnet.c,844,branch_num,4,2
inetutils,inetutils-2.4/telnet/utilities.c,211,branch_num,4,2
inetutils,inetutils-2.4/telnet/utilities.c,222,branch_num,4,2
inetutils,inetutils-2.4/telnet/utilities.c,260,branch_num,4,2
inetutils,inetutils-2.4/telnet/utilities.c,268,branch_num,4,2
inetutils,inetutils-2.4/telnet/utilities.c,277,branch_num,4,2
inetutils,inetutils-2.4/telnet/utilities.c,289,branch_num,4,2
inetutils,inetutils-2.4/telnet/utilities.c,299,branch_num,4,2
inetutils,inetutils-2.4/telnet/utilities.c,307,branch_num,4,2
inetutils,inetutils-2.4/telnet/utilities.c,316,branch_num,4,2
inetutils,inetutils-2.4/telnet/utilities.c,328,branch_num,4,2
inetutils,inetutils-2.4/telnet/utilities.c,370,branch_num,4,2
inetutils,inetutils-2.4/telnet/utilities.c,376,branch_num,4,2
inetutils,inetutils-2.4/telnet/utilities.c,599,branch_num,4,2
inetutils,inetutils-2.4/telnet/utilities.c,613,branch_num,4,2
inetutils,inetutils-2.4/telnet/utilities.c,689,branch_num,5,2
inetutils,inetutils-2.4/telnet/utilities.c,876,branch_num,4,2
inetutils,inetutils-2.4/telnet/utilities.c,999,branch_num,2,4
iproute2,iproute2-6.1.0/ip/ip6tunnel.c,335,branch_num,2,4
iproute2,iproute2-6.1.0/ip/ip6tunnel.c,337,branch_num,10,2
iproute2,iproute2-6.1.0/ip/ip6tunnel.c,338,branch_num,10,2
iproute2,iproute2-6.1.0/ip/ip6tunnel.c,339,branch_num,10,2
iproute2,iproute2-6.1.0/ip/ip6tunnel.c,340,branch_num,10,2
iproute2,iproute2-6.1.0/ip/ip6tunnel.c,347,branch_num,4,2
iproute2,iproute2-6.1.0/ip/ipfou.c,242,branch_num,4,2
iproute2,iproute2-6.1.0/ip/ipioam6.c,116,branch_num,3,2
iproute2,iproute2-6.1.0/ip/ipioam6.c,139,branch_num,7,2
iproute2,iproute2-6.1.0/ip/ipl2tp.c,247,branch_num,3,2
iproute2,iproute2-6.1.0/ip/iplink_bridge.c,887,branch_num,3,2
iproute2,iproute2-6.1.0/ip/iplink.c,1107,branch_num,4,2
iproute2,iproute2-6.1.0/ip/iplink_geneve.c,145,branch_num,4,2
iproute2,iproute2-6.1.0/ip/iplink_geneve.c,202,branch_num,4,2
iproute2,iproute2-6.1.0/ip/iplink_geneve.c,230,branch_num,4,2
iproute2,iproute2-6.1.0/ip/iplink_geneve.c,232,branch_num,4,2
iproute2,iproute2-6.1.0/ip/iplink_geneve.c,234,branch_num,4,2
iproute2,iproute2-6.1.0/ip/iplink_geneve.c,281,branch_num,10,2
iproute2,iproute2-6.1.0/ip/iplink_geneve.c,292,branch_num,4,2
iproute2,iproute2-6.1.0/ip/iplink_hsr.c,65,branch_num,4,2
iproute2,iproute2-6.1.0/ip/iplink_hsr.c,72,branch_num,4,2
iproute2,iproute2-6.1.0/ip/iplink_ipoib.c,112,branch_num,4,2
iproute2,iproute2-6.1.0/ip/iplink_ipvlan.c,89,branch_num,6,2
iproute2,iproute2-6.1.0/ip/iplink_macvlan.c,132,branch_num,4,2
iproute2,iproute2-6.1.0/ip/iplink_macvlan.c,190,branch_num,4,2
iproute2,iproute2-6.1.0/ip/iplink_macvlan.c,222,branch_num,8,2
iproute2,iproute2-6.1.0/ip/iplink_vxlan.c,200,branch_num,4,2
iproute2,iproute2-6.1.0/ip/iplink_vxlan.c,360,branch_num,4,2
iproute2,iproute2-6.1.0/ip/iplink_vxlan.c,416,branch_num,4,2
iproute2,iproute2-6.1.0/ip/iplink_vxlan.c,434,branch_num,4,2
iproute2,iproute2-6.1.0/ip/iplink_vxlan.c,439,branch_num,4,2
iproute2,iproute2-6.1.0/ip/iplink_vxlan.c,468,branch_num,10,2
iproute2,iproute2-6.1.0/ip/iplink_vxlan.c,498,branch_num,10,2
iproute2,iproute2-6.1.0/ip/iplink_vxlan.c,565,branch_num,4,2
iproute2,iproute2-6.1.0/ip/iplink_vxlan.c,604,branch_num,4,2
iproute2,iproute2-6.1.0/ip/iplink_vxlan.c,648,branch_num,4,2
iproute2,iproute2-6.1.0/ip/iplink_vxlan.c,652,branch_num,4,2
iproute2,iproute2-6.1.0/ip/iplink_xstats.c,59,branch_num,4,2
iproute2,iproute2-6.1.0/ip/ipmacsec.c,344,branch_num,4,2
iproute2,iproute2-6.1.0/ip/ipmacsec.c,544,branch_num,6,4
iproute2,iproute2-6.1.0/ip/ipmacsec.c,626,branch_num,2,4
iproute2,iproute2-6.1.0/ip/ipmacsec.c,628,branch_num,6,4
iproute2,iproute2-6.1.0/ip/ipmacsec.c,644,branch_num,4,2
iproute2,iproute2-6.1.0/ip/ipmonitor.c,326,branch_num,4,2
iproute2,iproute2-6.1.0/ip/ipmonitor.c,332,branch_num,4,2
iproute2,iproute2-6.1.0/ip/ipneigh.c,193,branch_num,4,2
iproute2,iproute2-6.1.0/ip/ipnetns.c,1045,branch_num,2,4
iproute2,iproute2-6.1.0/ip/ipnetns.c,1046,branch_num,8,6
iproute2,iproute2-6.1.0/ip/ipnexthop.c,614,branch_num,3,2
iproute2,iproute2-6.1.0/ip/ipnexthop.c,886,branch_num,3,2
iproute2,iproute2-6.1.0/ip/iproute.c,1515,branch_num,6,4
iproute2,iproute2-6.1.0/ip/iproute.c,1762,branch_num,4,2
iproute2,iproute2-6.1.0/ip/iproute.c,2256,branch_num,8,6
iproute2,iproute2-6.1.0/ip/iproute.c,2259,branch_num,8,6
iproute2,iproute2-6.1.0/ip/iproute.c,280,branch_num,6,4
iproute2,iproute2-6.1.0/ip/iproute.c,283,branch_num,6,4
iproute2,iproute2-6.1.0/ip/iproute.c,287,branch_num,6,4
iproute2,iproute2-6.1.0/ip/iproute.c,291,branch_num,4,2
iproute2,iproute2-6.1.0/ip/iproute.c,343,branch_num,4,2
iproute2,iproute2-6.1.0/ip/iproute_lwtunnel.c,1234,branch_num,4,2
iproute2,iproute2-6.1.0/ip/iproute_lwtunnel.c,321,branch_num,4,2
iproute2,iproute2-6.1.0/ip/iproute_lwtunnel.c,717,branch_num,2,4
iproute2,iproute2-6.1.0/ip/iproute_lwtunnel.c,719,branch_num,2,4
iproute2,iproute2-6.1.0/ip/iproute_lwtunnel.c,721,branch_num,2,4
iproute2,iproute2-6.1.0/ip/iproute_lwtunnel.c,792,branch_num,2,4
iproute2,iproute2-6.1.0/ip/iproute_lwtunnel.c,794,branch_num,2,4
iproute2,iproute2-6.1.0/ip/iproute_lwtunnel.c,796,branch_num,2,4
iproute2,iproute2-6.1.0/ip/iproute_lwtunnel.c,851,branch_num,11,2
iproute2,iproute2-6.1.0/ip/iprule.c,104,branch_num,4,2
iproute2,iproute2-6.1.0/ip/iprule.c,105,branch_num,2,4
iproute2,iproute2-6.1.0/ip/iprule.c,310,branch_num,4,2
iproute2,iproute2-6.1.0/ip/ipseg6.c,121,branch_num,3,2
iproute2,iproute2-6.1.0/ip/ipseg6.c,152,branch_num,5,2
iproute2,iproute2-6.1.0/ip/ipstats.c,249,branch_num,2,4
iproute2,iproute2-6.1.0/ip/ipstats.c,82,branch_num,2,4
iproute2,iproute2-6.1.0/ip/ipstats.c,83,branch_num,2,4
iproute2,iproute2-6.1.0/ip/ipstats.c,85,branch_num,2,4
iproute2,iproute2-6.1.0/ip/ipstats.c,990,branch_num,2,4
iproute2,iproute2-6.1.0/ip/iptunnel.c,208,branch_num,4,8
iproute2,iproute2-6.1.0/ip/iptunnel.c,242,branch_num,4,2
iproute2,iproute2-6.1.0/ip/iptunnel.c,399,branch_num,2,4
iproute2,iproute2-6.1.0/ip/iptunnel.c,402,branch_num,6,4
iproute2,iproute2-6.1.0/ip/iptuntap.c,501,branch_num,4,2
iproute2,iproute2-6.1.0/ip/ipvrf.c,168,branch_num,4,2
iproute2,iproute2-6.1.0/ip/ipvrf.c,169,branch_num,2,4
iproute2,iproute2-6.1.0/ip/ipxfrm.c,89,branch_num,4,2
iproute2,iproute2-6.1.0/ip/ipxfrm.c,95,branch_num,4,2
iproute2,iproute2-6.1.0/ip/link_gre6.c,538,branch_num,4,6
iproute2,iproute2-6.1.0/ip/link_gre6.c,543,branch_num,4,6
iproute2,iproute2-6.1.0/ip/link_gre6.c,548,branch_num,2,4
iproute2,iproute2-6.1.0/ip/link_gre6.c,550,branch_num,2,4
iproute2,iproute2-6.1.0/ip/link_gre6.c,552,branch_num,2,4
iproute2,iproute2-6.1.0/ip/link_gre6.c,554,branch_num,2,4
iproute2,iproute2-6.1.0/ip/link_gre.c,491,branch_num,4,6
iproute2,iproute2-6.1.0/ip/link_gre.c,496,branch_num,4,6
iproute2,iproute2-6.1.0/ip/link_gre.c,501,branch_num,2,4
iproute2,iproute2-6.1.0/ip/link_gre.c,503,branch_num,2,4
iproute2,iproute2-6.1.0/ip/link_gre.c,505,branch_num,2,4
iproute2,iproute2-6.1.0/ip/link_gre.c,507,branch_num,2,4
iproute2,iproute2-6.1.0/ip/link_ip6tnl.c,356,branch_num,4,2
iproute2,iproute2-6.1.0/ip/link_iptnl.c,374,branch_num,5,2
iproute2,iproute2-6.1.0/ip/link_iptnl.c,430,branch_num,4,2
iproute2,iproute2-6.1.0/ip/tcp_metrics.c,203,branch_num,6,4
iproute2,iproute2-6.1.0/ip/tcp_metrics.c,229,branch_num,6,4
iproute2,iproute2-6.1.0/ip/tunnel.c,309,branch_num,6,8
iproute2,iproute2-6.1.0/ip/tunnel.c,313,branch_num,2,4
iproute2,iproute2-6.1.0/ip/tunnel.c,315,branch_num,2,4
iproute2,iproute2-6.1.0/ip/tunnel.c,323,branch_num,2,4
iproute2,iproute2-6.1.0/ip/tunnel.c,329,branch_num,2,4
iproute2,iproute2-6.1.0/ip/tunnel.c,335,branch_num,2,4
iproute2,iproute2-6.1.0/ip/tunnel.c,341,branch_num,2,4
iproute2,iproute2-6.1.0/ip/xfrm_state.c,541,branch_num,3,2
iproute2,iproute2-6.1.0/ip/xfrm_state.c,670,branch_num,4,2
iproute2,iproute2-6.1.0/lib/bpf_legacy.c,106,branch_num,4,8
iproute2,iproute2-6.1.0/lib/bpf_legacy.c,113,branch_num,4,8
iproute2,iproute2-6.1.0/lib/bpf_legacy.c,1798,branch_num,4,2
iproute2,iproute2-6.1.0/lib/bpf_legacy.c,1799,branch_num,2,4
iproute2,iproute2-6.1.0/lib/bpf_legacy.c,1892,branch_num,4,2
iproute2,iproute2-6.1.0/lib/bpf_legacy.c,1893,branch_num,2,4
iproute2,iproute2-6.1.0/lib/bpf_legacy.c,1973,branch_num,4,2
iproute2,iproute2-6.1.0/lib/bpf_legacy.c,1974,branch_num,2,4
iproute2,iproute2-6.1.0/lib/bpf_legacy.c,679,branch_num,2,4
iproute2,iproute2-6.1.0/lib/json_writer.c,107,branch_num,2,4
iproute2,iproute2-6.1.0/lib/json_writer.c,130,branch_num,2,4
iproute2,iproute2-6.1.0/lib/libnetlink.c,1090,branch_num,4,2
iproute2,iproute2-6.1.0/lib/ll_addr.c,35,branch_num,4,2
iproute2,iproute2-6.1.0/lib/ll_addr.c,36,branch_num,2,4
iproute2,iproute2-6.1.0/lib/utils.c,1104,branch_num,4,2
iproute2,iproute2-6.1.0/lib/utils.c,518,branch_num,3,2
iproute2,iproute2-6.1.0/lib/utils.c,528,branch_num,10,2
iproute2,iproute2-6.1.0/lib/utils.c,634,branch_num,4,2
iproute2,iproute2-6.1.0/lib/utils.c,985,branch_num,3,2
krb5,krb5-1.20.1/src/clients/klist/klist.c,210,branch_num,8,6
krb5,krb5-1.20.1/src/clients/klist/klist.c,211,branch_num,2,4
krb5,krb5-1.20.1/src/clients/klist/klist.c,233,branch_num,4,2
krb5,krb5-1.20.1/src/clients/klist/klist.c,544,branch_num,4,2
krb5,krb5-1.20.1/src/clients/klist/klist.c,568,branch_num,4,2
krb5,krb5-1.20.1/src/clients/klist/klist.c,793,branch_num,4,2
less,less-590/charset.c,362,branch_num,4,2
less,less-590/charset.c,578,branch_num,8,4
less,less-590/charset.c,718,branch_num,4,2
less,less-590/ch.c,328,branch_num,4,2
less,less-590/ch.c,329,branch_num,2,4
less,less-590/cmdbuf.c,1002,branch_num,2,4
less,less-590/cmdbuf.c,1134,branch_num,3,2
less,less-590/cmdbuf.c,1327,branch_num,3,2
less,less-590/command.c,1246,branch_num,4,2
less,less-590/command.c,213,branch_num,3,2
less,less-590/command.c,237,branch_num,10,2
less,less-590/command.c,356,branch_num,5,2
less,less-590/command.c,431,branch_num,6,2
less,less-590/command.c,497,branch_num,4,2
less,less-590/command.c,529,branch_num,7,2
less,less-590/command.c,601,branch_num,3,2
less,less-590/command.c,661,branch_num,3,2
less,less-590/command.c,782,branch_num,4,2
less,less-590/command.c,790,branch_num,4,2
less,less-590/cvt.c,102,branch_num,4,2
less,less-590/cvt.c,87,branch_num,2,4
less,less-590/cvt.c,88,branch_num,8,2
less,less-590/forwback.c,236,branch_num,4,2
less,less-590/input.c,391,branch_num,4,2
less,less-590/lesskey_parse.c,175,branch_num,3,2
less,less-590/line.c,1092,branch_num,3,2
less,less-590/line.c,1313,branch_num,6,4
less,less-590/line.c,1320,branch_num,6,4
less,less-590/line.c,1362,branch_num,6,4
less,less-590/line.c,1371,branch_num,4,2
less,less-590/line.c,1457,branch_num,10,2
less,less-590/line.c,605,branch_num,6,2
less,less-590/line.c,956,branch_num,4,2
less,less-590/line.c,976,branch_num,6,2
less,less-590/main.c,145,branch_num,10,4
less,less-590/main.c,155,branch_val,"[0, 0]","[0, 1]"
less,less-590/main.c,169,branch_val,"[0, 0, 0, 0]","[0, 0, 0, 1]"
less,less-590/main.c,176,branch_val,"[0, 0]","[0, 1]"
less,less-590/main.c,185,branch_val,"[0, 0]","[0, 1]"
less,less-590/main.c,187,branch_val,"[0, 0]","[0, 1]"
less,less-590/main.c,220,branch_val,"[0, 0]","[0, 1]"
less,less-590/main.c,237,branch_val,"[0, 0, 0, 0]","[0, 0, 0, 1]"
less,less-590/main.c,247,branch_val,"[0, 0, 0, 0]","[0, 0, 0, 1]"
less,less-590/main.c,274,branch_val,"[0, 0]","[0, 1]"
less,less-590/main.c,281,branch_val,"[0, 0]","[0, 1]"
less,less-590/main.c,290,branch_val,"[0, 0]","[0, 1]"
less,less-590/main.c,376,branch_num,6,2
less,less-590/main.c,382,branch_num,6,2
less,less-590/mark.c,79,branch_num,2,4
less,less-590/optfunc.c,108,branch_num,4,2
less,less-590/optfunc.c,171,branch_num,3,2
less,less-590/optfunc.c,236,branch_num,3,2
less,less-590/optfunc.c,342,branch_num,3,2
less,less-590/optfunc.c,383,branch_num,4,2
less,less-590/optfunc.c,451,branch_num,3,2
less,less-590/optfunc.c,487,branch_num,3,2
less,less-590/optfunc.c,510,branch_num,3,2
less,less-590/optfunc.c,530,branch_num,3,2
less,less-590/optfunc.c,728,branch_num,3,2
less,less-590/optfunc.c,782,branch_num,3,2
less,less-590/optfunc.c,823,branch_num,3,2
less,less-590/optfunc.c,856,branch_num,3,2
less,less-590/optfunc.c,876,branch_num,3,2
less,less-590/optfunc.c,899,branch_num,3,2
less,less-590/optfunc.c,922,branch_num,3,2
less,less-590/optfunc.c,949,branch_num,3,2
less,less-590/optfunc.c,974,branch_num,3,2
less,less-590/option.c,111,branch_val,"[0, 1]","[1, 1]"
less,less-590/option.c,116,branch_num,6,2
less,less-590/option.c,240,branch_num,5,2
less,less-590/option.c,290,branch_val,"[0, 0]","[0, 1]"
less,less-590/option.c,364,branch_num,5,2
less,less-590/option.c,370,branch_num,4,2
less,less-590/option.c,391,branch_num,4,2
less,less-590/option.c,422,branch_num,4,2
less,less-590/option.c,458,branch_num,4,2
less,less-590/option.c,612,branch_num,4,2
less,less-590/option.c,613,branch_num,2,4
less,less-590/option.c,94,branch_num,3,2
less,less-590/output.c,579,branch_num,6,2
less,less-590/pattern.c,293,branch_num,6,2
less,less-590/position.c,42,branch_num,4,2
less,less-590/prompt.c,193,branch_num,14,2
less,less-590/prompt.c,227,branch_num,4,2
less,less-590/prompt.c,231,branch_num,4,2
less,less-590/prompt.c,270,branch_num,19,2
less,less-590/prompt.c,339,branch_num,6,4
less,less-590/prompt.c,364,branch_num,4,2
less,less-590/prompt.c,421,branch_num,6,2
less,less-590/prompt.c,585,branch_num,2,4
less,less-590/search.c,1764,branch_num,4,2
less,less-590/search.c,1765,branch_num,2,4
less,less-590/search.c,1826,branch_num,6,4
less,less-590/search.c,333,branch_num,4,2
less,less-590/search.c,334,branch_num,2,4
less,less-590/search.c,624,branch_num,4,2
less,less-590/search.c,625,branch_num,2,4
less,less-590/tags.c,185,branch_num,5,2
less,less-590/tags.c,305,branch_num,6,2
less,less-590/tags.c,331,branch_num,6,2
liblockfile,liblockfile-1.17/dotlockfile.c,217,branch_num,14,2
liblockfile,liblockfile-1.17/dotlockfile.c,229,branch_num,4,2
liblockfile,liblockfile-1.17/dotlockfile.c,230,branch_num,2,4
liblockfile,liblockfile-1.17/dotlockfile.c,296,branch_val,"[0, 0]","[0, 1]"
liblockfile,liblockfile-1.17/dotlockfile.c,302,branch_val,"[0, 0, 0, 0, 0, 0, 0, 0, 0, 0]","[0, 0, 0, 0, 0, 0, 0, 0, 0, 1]"
liblockfile,liblockfile-1.17/dotlockfile.c,305,branch_val,"[0, 0]","[0, 1]"
liblockfile,liblockfile-1.17/dotlockfile.c,309,branch_val,"[0, 0]","[0, 1]"
liblockfile,liblockfile-1.17/dotlockfile.c,322,branch_val,"[0, 0]","[0, 1]"
liblockfile,liblockfile-1.17/dotlockfile.c,362,branch_val,"[0, 0]","[0, 1]"
liblockfile,liblockfile-1.17/dotlockfile.c,366,branch_val,"[0, 0, 0, 0]","[0, 0, 0, 1]"
liblockfile,liblockfile-1.17/dotlockfile.c,373,branch_val,"[0, 0]","[0, 1]"
liblockfile,liblockfile-1.17/dotlockfile.c,380,branch_val,"[0, 0]","[0, 1]"
liblockfile,liblockfile-1.17/dotlockfile.c,386,branch_val,"[0, 0]","[0, 1]"
liblockfile,liblockfile-1.17/dotlockfile.c,394,branch_val,"[0, 0, 0, 0]","[0, 0, 0, 1]"
liblockfile,liblockfile-1.17/dotlockfile.c,410,branch_val,"[0, 0]","[0, 1]"
liblockfile,liblockfile-1.17/dotlockfile.c,416,branch_val,"[0, 0]","[0, 1]"
liblockfile,liblockfile-1.17/dotlockfile.c,451,branch_val,"[0, 0]","[0, 1]"
liblockfile,liblockfile-1.17/lockfile.c,475,branch_num,4,2
lsof,lsof-4.95.0/arg.c,1489,branch_num,3,2
lsof,lsof-4.95.0/arg.c,1603,branch_num,8,2
lsof,lsof-4.95.0/dfile.c,150,branch_num,4,2
lsof,lsof-4.95.0/dfile.c,337,branch_num,4,2
lsof,lsof-4.95.0/dnode.c,803,branch_num,6,2
lsof,lsof-4.95.0/dnode.c,969,branch_num,6,2
lsof,lsof-4.95.0/dproc.c,1164,branch_num,4,2
lsof,lsof-4.95.0/dproc.c,1910,branch_num,2,4
lsof,lsof-4.95.0/dproc.c,1912,branch_num,4,2
lsof,lsof-4.95.0/dproc.c,433,branch_num,8,10
lsof,lsof-4.95.0/dproc.c,547,branch_num,5,2
lsof,lsof-4.95.0/dsock.c,1175,branch_num,6,2
lsof,lsof-4.95.0/dsock.c,1220,branch_num,6,2
lsof,lsof-4.95.0/dsock.c,1221,branch_num,3,2
lsof,lsof-4.95.0/dsock.c,1315,branch_num,3,2
lsof,lsof-4.95.0/dsock.c,1582,branch_num,3,2
lsof,lsof-4.95.0/dsock.c,1681,branch_num,10,2
lsof,lsof-4.95.0/dsock.c,1682,branch_num,10,2
lsof,lsof-4.95.0/dsock.c,1728,branch_num,3,2
lsof,lsof-4.95.0/dsock.c,2498,branch_num,3,2
lsof,lsof-4.95.0/dsock.c,2903,branch_num,4,2
lsof,lsof-4.95.0/dsock.c,3284,branch_num,4,2
lsof,lsof-4.95.0/dsock.c,4587,branch_num,2,6
lsof,lsof-4.95.0/dsock.c,4734,branch_num,12,4
lsof,lsof-4.95.0/dsock.c,4738,branch_num,12,4
lsof,lsof-4.95.0/dsock.c,4742,branch_num,10,4
lsof,lsof-4.95.0/dsock.c,4743,branch_num,10,4
lsof,lsof-4.95.0/dsock.c,5149,branch_num,23,2
lsof,lsof-4.95.0/main.c,1179,branch_val,"[0, 0, 0, 0, 0, 0]","[0, 0, 0, 0, 0, 1]"
lsof,lsof-4.95.0/main.c,1191,branch_val,"[0, 0, 0, 0, 0, 0]","[0, 0, 0, 0, 0, 1]"
lsof,lsof-4.95.0/main.c,1195,branch_val,"[0, 0]","[0, 1]"
lsof,lsof-4.95.0/main.c,1199,branch_val,"[0, 0]","[0, 1]"
lsof,lsof-4.95.0/main.c,1201,branch_val,"[0, 0]","[0, 1]"
lsof,lsof-4.95.0/main.c,1203,branch_val,"[0, 0]","[0, 1]"
lsof,lsof-4.95.0/main.c,1205,branch_val,"[0, 0]","[0, 1]"
lsof,lsof-4.95.0/main.c,1207,branch_val,"[0, 0, 0, 0]","[0, 0, 0, 1]"
lsof,lsof-4.95.0/main.c,1209,branch_val,"[0, 0, 0, 0]","[0, 0, 0, 1]"
lsof,lsof-4.95.0/main.c,1211,branch_val,"[0, 0, 0, 0]","[0, 0, 0, 1]"
lsof,lsof-4.95.0/main.c,1213,branch_val,"[0, 0]","[0, 1]"
lsof,lsof-4.95.0/main.c,1221,branch_val,"[0, 0]","[0, 1]"
lsof,lsof-4.95.0/main.c,1223,branch_val,"[0, 0]","[0, 1]"
lsof,lsof-4.95.0/main.c,1231,branch_val,"[0, 0, 0, 0]","[0, 0, 0, 1]"
lsof,lsof-4.95.0/main.c,1239,branch_val,"[0, 0]","[0, 1]"
lsof,lsof-4.95.0/main.c,1264,branch_val,"[0, 0]","[0, 1]"
lsof,lsof-4.95.0/main.c,1272,branch_val,"[0, 0]","[0, 1]"
lsof,lsof-4.95.0/main.c,1312,branch_val,"[0, 0]","[0, 1]"
lsof,lsof-4.95.0/main.c,1321,branch_val,"[0, 0]","[0, 1]"
lsof,lsof-4.95.0/main.c,1332,branch_val,"[0, 0]","[0, 1]"
lsof,lsof-4.95.0/main.c,1352,branch_val,"[0, 0]","[0, 1]"
lsof,lsof-4.95.0/main.c,1513,branch_val,"[0, 0]","[0, 1]"
lsof,lsof-4.95.0/main.c,1583,branch_val,"[0, 0, 0, 0]","[0, 0, 0, 1]"
lsof,lsof-4.95.0/main.c,1585,branch_val,"[0, 0]","[0, 1]"
lsof,lsof-4.95.0/main.c,1592,branch_val,"[0, 0]","[0, 1]"
lsof,lsof-4.95.0/main.c,1605,branch_val,"[0, 0]","[0, 1]"
lsof,lsof-4.95.0/main.c,1618,branch_val,"[0, 0]","[0, 1]"
lsof,lsof-4.95.0/main.c,1659,branch_val,"[0, 0]","[0, 1]"
lsof,lsof-4.95.0/main.c,1701,branch_val,"[0, 0, 0, 0]","[0, 0, 0, 1]"
lsof,lsof-4.95.0/main.c,1712,branch_val,"[0, 0]","[0, 1]"
lsof,lsof-4.95.0/main.c,1726,branch_val,"[0, 0]","[0, 1]"
lsof,lsof-4.95.0/main.c,1742,branch_val,"[0, 0, 0, 0]","[0, 0, 0, 1]"
lsof,lsof-4.95.0/main.c,1751,branch_val,"[0, 0]","[0, 1]"
lsof,lsof-4.95.0/main.c,1765,branch_val,"[0, 0, 0, 0]","[0, 0, 0, 1]"
lsof,lsof-4.95.0/main.c,1797,branch_val,"[0, 0]","[0, 1]"
lsof,lsof-4.95.0/main.c,1814,branch_val,"[0, 0]","[0, 1]"
lsof,lsof-4.95.0/main.c,1826,branch_val,"[0, 0]","[0, 1]"
lsof,lsof-4.95.0/main.c,1844,branch_val,"[0, 0, 0, 0]","[0, 0, 0, 1]"
lsof,lsof-4.95.0/main.c,1846,branch_val,"[0, 0, 0, 0]","[0, 0, 0, 1]"
lsof,lsof-4.95.0/main.c,377,branch_num,2,4
lsof,lsof-4.95.0/node.c,53,branch_num,4,2
lsof,lsof-4.95.0/print.c,1184,branch_num,10,2
lsof,lsof-4.95.0/print.c,1226,branch_num,10,2
lsof,lsof-4.95.0/print.c,1227,branch_num,10,2
lsof,lsof-4.95.0/proc.c,1026,branch_num,3,2
lsof,lsof-4.95.0/proc.c,1131,branch_num,3,2
lsof,lsof-4.95.0/proc.c,1237,branch_num,3,2
lsof,lsof-4.95.0/proc.c,1697,branch_num,3,2
lsof,lsof-4.95.0/proc.c,263,branch_num,3,2
lsof,lsof-4.95.0/usage.c,946,branch_num,2,4
lz4,lz4-1.9.4/lib/lz4.c,1012,branch_num,80,2
lz4,lz4-1.9.4/lib/lz4.c,1032,branch_num,40,2
lz4,lz4-1.9.4/lib/lz4.c,1033,branch_num,40,2
lz4,lz4-1.9.4/lib/lz4.c,1044,branch_num,40,2
lz4,lz4-1.9.4/lib/lz4.c,1045,branch_num,40,2
lz4,lz4-1.9.4/lib/lz4.c,1062,branch_num,80,4
lz4,lz4-1.9.4/lib/lz4.c,1064,branch_num,40,4
lz4,lz4-1.9.4/lib/lz4.c,1065,branch_num,40,2
lz4,lz4-1.9.4/lib/lz4.c,1070,branch_num,40,2
lz4,lz4-1.9.4/lib/lz4.c,1071,branch_num,40,2
lz4,lz4-1.9.4/lib/lz4.c,1080,branch_num,80,4
lz4,lz4-1.9.4/lib/lz4.c,1085,branch_num,40,2
lz4,lz4-1.9.4/lib/lz4.c,1086,branch_num,40,2
lz4,lz4-1.9.4/lib/lz4.c,1089,branch_num,40,2
lz4,lz4-1.9.4/lib/lz4.c,1090,branch_num,40,2
lz4,lz4-1.9.4/lib/lz4.c,1094,branch_num,40,2
lz4,lz4-1.9.4/lib/lz4.c,1097,branch_num,40,2
lz4,lz4-1.9.4/lib/lz4.c,1118,branch_num,40,2
lz4,lz4-1.9.4/lib/lz4.c,1119,branch_num,40,2
lz4,lz4-1.9.4/lib/lz4.c,1126,branch_num,40,2
lz4,lz4-1.9.4/lib/lz4.c,1139,branch_num,80,4
lz4,lz4-1.9.4/lib/lz4.c,1140,branch_num,40,2
lz4,lz4-1.9.4/lib/lz4.c,1143,branch_num,40,2
lz4,lz4-1.9.4/lib/lz4.c,1146,branch_num,40,2
lz4,lz4-1.9.4/lib/lz4.c,1158,branch_num,40,2
lz4,lz4-1.9.4/lib/lz4.c,1159,branch_num,40,2
lz4,lz4-1.9.4/lib/lz4.c,1160,branch_num,40,2
lz4,lz4-1.9.4/lib/lz4.c,1174,branch_num,40,2
lz4,lz4-1.9.4/lib/lz4.c,1184,branch_num,40,2
lz4,lz4-1.9.4/lib/lz4.c,1188,branch_num,40,2
lz4,lz4-1.9.4/lib/lz4.c,1204,branch_num,40,2
lz4,lz4-1.9.4/lib/lz4.c,1210,branch_num,40,2
lz4,lz4-1.9.4/lib/lz4.c,1214,branch_num,40,2
lz4,lz4-1.9.4/lib/lz4.c,1215,branch_num,40,2
lz4,lz4-1.9.4/lib/lz4.c,1224,branch_num,40,2
lz4,lz4-1.9.4/lib/lz4.c,1225,branch_num,40,2
lz4,lz4-1.9.4/lib/lz4.c,1235,branch_num,40,2
lz4,lz4-1.9.4/lib/lz4.c,1236,branch_num,40,2
lz4,lz4-1.9.4/lib/lz4.c,1249,branch_num,40,4
lz4,lz4-1.9.4/lib/lz4.c,1250,branch_num,120,6
lz4,lz4-1.9.4/lib/lz4.c,1251,branch_num,40,2
lz4,lz4-1.9.4/lib/lz4.c,1254,branch_num,40,2
lz4,lz4-1.9.4/lib/lz4.c,1269,branch_num,40,2
lz4,lz4-1.9.4/lib/lz4.c,1270,branch_num,40,2
lz4,lz4-1.9.4/lib/lz4.c,1271,branch_num,40,2
lz4,lz4-1.9.4/lib/lz4.c,1282,branch_num,40,2
lz4,lz4-1.9.4/lib/lz4.c,1285,branch_num,40,2
lz4,lz4-1.9.4/lib/lz4.c,1295,branch_num,40,2
lz4,lz4-1.9.4/lib/lz4.c,1324,branch_num,30,2
lz4,lz4-1.9.4/lib/lz4.c,1325,branch_num,40,2
lz4,lz4-1.9.4/lib/lz4.c,1326,branch_num,26,4
lz4,lz4-1.9.4/lib/lz4.c,1356,branch_num,2,4
lz4,lz4-1.9.4/lib/lz4.c,1363,branch_num,2,4
lz4,lz4-1.9.4/lib/lz4.c,1394,branch_num,2,4
lz4,lz4-1.9.4/lib/lz4.c,1408,branch_num,2,4
lz4,lz4-1.9.4/lib/lz4.c,1819,branch_num,10,2
lz4,lz4-1.9.4/lib/lz4.c,1823,branch_num,10,2
lz4,lz4-1.9.4/lib/lz4.c,1827,branch_num,10,2
lz4,lz4-1.9.4/lib/lz4.c,1828,branch_num,10,2
lz4,lz4-1.9.4/lib/lz4.c,1840,branch_num,10,2
lz4,lz4-1.9.4/lib/lz4.c,1846,branch_num,10,2
lz4,lz4-1.9.4/lib/lz4.c,1851,branch_num,10,2
lz4,lz4-1.9.4/lib/lz4.c,1857,branch_num,10,2
lz4,lz4-1.9.4/lib/lz4.c,1862,branch_num,10,2
lz4,lz4-1.9.4/lib/lz4.c,1878,branch_num,10,2
lz4,lz4-1.9.4/lib/lz4.c,1882,branch_num,10,2
lz4,lz4-1.9.4/lib/lz4.c,1911,branch_num,72,2
lz4,lz4-1.9.4/lib/lz4.c,1925,branch_num,72,2
lz4,lz4-1.9.4/lib/lz4.c,1950,branch_num,18,4
lz4,lz4-1.9.4/lib/lz4.c,1959,branch_num,6,2
lz4,lz4-1.9.4/lib/lz4.c,1980,branch_num,18,2
lz4,lz4-1.9.4/lib/lz4.c,1981,branch_num,36,4
lz4,lz4-1.9.4/lib/lz4.c,1990,branch_num,18,2
lz4,lz4-1.9.4/lib/lz4.c,2004,branch_num,18,2
lz4,lz4-1.9.4/lib/lz4.c,2006,branch_num,18,2
lz4,lz4-1.9.4/lib/lz4.c,2014,branch_num,36,4
lz4,lz4-1.9.4/lib/lz4.c,2021,branch_num,18,2
lz4,lz4-1.9.4/lib/lz4.c,2035,branch_num,18,2
lz4,lz4-1.9.4/lib/lz4.c,2037,branch_num,18,2
lz4,lz4-1.9.4/lib/lz4.c,2041,branch_num,36,4
lz4,lz4-1.9.4/lib/lz4.c,2042,branch_num,18,2
lz4,lz4-1.9.4/lib/lz4.c,2047,branch_num,18,2
lz4,lz4-1.9.4/lib/lz4.c,2052,branch_num,36,4
lz4,lz4-1.9.4/lib/lz4.c,2053,branch_num,18,2
lz4,lz4-1.9.4/lib/lz4.c,2065,branch_num,36,4
lz4,lz4-1.9.4/lib/lz4.c,2067,branch_num,36,4
lz4,lz4-1.9.4/lib/lz4.c,2070,branch_num,18,2
lz4,lz4-1.9.4/lib/lz4.c,2077,branch_num,18,2
lz4,lz4-1.9.4/lib/lz4.c,2087,branch_num,18,2
lz4,lz4-1.9.4/lib/lz4.c,2090,branch_num,18,2
lz4,lz4-1.9.4/lib/lz4.c,2128,branch_num,18,2
lz4,lz4-1.9.4/lib/lz4.c,2143,branch_num,18,2
lz4,lz4-1.9.4/lib/lz4.c,2144,branch_num,18,2
lz4,lz4-1.9.4/lib/lz4.c,2145,branch_num,36,4
lz4,lz4-1.9.4/lib/lz4.c,2161,branch_num,18,2
lz4,lz4-1.9.4/lib/lz4.c,2163,branch_num,18,2
lz4,lz4-1.9.4/lib/lz4.c,2175,branch_num,36,4
lz4,lz4-1.9.4/lib/lz4.c,2181,branch_num,18,2
lz4,lz4-1.9.4/lib/lz4.c,2192,branch_num,18,2
lz4,lz4-1.9.4/lib/lz4.c,2199,branch_num,18,2
lz4,lz4-1.9.4/lib/lz4.c,2208,branch_num,36,4
lz4,lz4-1.9.4/lib/lz4.c,2223,branch_num,54,6
lz4,lz4-1.9.4/lib/lz4.c,2239,branch_num,18,2
lz4,lz4-1.9.4/lib/lz4.c,2241,branch_num,18,2
lz4,lz4-1.9.4/lib/lz4.c,2250,branch_num,36,4
lz4,lz4-1.9.4/lib/lz4.c,2252,branch_num,36,4
lz4,lz4-1.9.4/lib/lz4.c,2255,branch_num,18,2
lz4,lz4-1.9.4/lib/lz4.c,2259,branch_num,18,2
lz4,lz4-1.9.4/lib/lz4.c,2269,branch_num,18,2
lz4,lz4-1.9.4/lib/lz4.c,2272,branch_num,18,2
lz4,lz4-1.9.4/lib/lz4.c,2286,branch_num,36,4
lz4,lz4-1.9.4/lib/lz4.c,2290,branch_num,18,2
lz4,lz4-1.9.4/lib/lz4.c,2291,branch_num,18,2
lz4,lz4-1.9.4/lib/lz4.c,2296,branch_num,18,2
lz4,lz4-1.9.4/lib/lz4.c,2317,branch_num,18,2
lz4,lz4-1.9.4/lib/lz4.c,2318,branch_num,18,2
lz4,lz4-1.9.4/lib/lz4.c,2323,branch_num,18,2
lz4,lz4-1.9.4/lib/lz4.c,2326,branch_num,18,2
lz4,lz4-1.9.4/lib/lz4.c,423,branch_num,4,2
lz4,lz4-1.9.4/lib/lz4.c,450,branch_num,142,4
lz4,lz4-1.9.4/lib/lz4.c,507,branch_num,36,2
lz4,lz4-1.9.4/lib/lz4.c,540,branch_num,18,2
lz4,lz4-1.9.4/lib/lz4.c,547,branch_num,18,2
lz4,lz4-1.9.4/lib/lz4.c,665,branch_num,192,4
lz4,lz4-1.9.4/lib/lz4.c,673,branch_num,192,4
lz4,lz4-1.9.4/lib/lz4.c,678,branch_num,384,12
lz4,lz4-1.9.4/lib/lz4.c,679,branch_num,384,8
lz4,lz4-1.9.4/lib/lz4.c,680,branch_num,384,8
lz4,lz4-1.9.4/lib/lz4.c,758,branch_num,402,2
lz4,lz4-1.9.4/lib/lz4.c,766,branch_num,402,2
lz4,lz4-1.9.4/lib/lz4.c,767,branch_num,402,2
lz4,lz4-1.9.4/lib/lz4.c,778,branch_num,160,4
lz4,lz4-1.9.4/lib/lz4.c,839,branch_num,160,2
lz4,lz4-1.9.4/lib/lz4.c,873,branch_num,10,2
lz4,lz4-1.9.4/lib/lz4.c,874,branch_num,16,4
lz4,lz4-1.9.4/lib/lz4.c,875,branch_num,18,4
lz4,lz4-1.9.4/lib/lz4.c,876,branch_num,8,2
lz4,lz4-1.9.4/lib/lz4.c,877,branch_num,8,2
lz4,lz4-1.9.4/lib/lz4.c,893,branch_num,18,4
lz4,lz4-1.9.4/lib/lz4.c,932,branch_num,40,2
lz4,lz4-1.9.4/lib/lz4.c,934,branch_num,40,2
lz4,lz4-1.9.4/lib/lz4.c,935,branch_num,40,2
lz4,lz4-1.9.4/lib/lz4.c,937,branch_num,80,4
lz4,lz4-1.9.4/lib/lz4.c,939,branch_num,40,2
lz4,lz4-1.9.4/lib/lz4.c,947,branch_num,40,2
lz4,lz4-1.9.4/lib/lz4.c,962,branch_num,80,4
lz4,lz4-1.9.4/lib/lz4.c,963,branch_num,80,4
lz4,lz4-1.9.4/lib/lz4.c,967,branch_num,40,2
lz4,lz4-1.9.4/lib/lz4.c,970,branch_num,40,2
lz4,lz4-1.9.4/lib/lz4.c,981,branch_num,40,2
lz4,lz4-1.9.4/lib/lz4.c,994,branch_num,40,2
lz4,lz4-1.9.4/lib/lz4frame.c,1587,branch_num,16,2
lz4,lz4-1.9.4/lib/lz4frame.c,729,branch_num,4,2
lz4,lz4-1.9.4/lib/lz4hc.c,1295,branch_num,6,2
lz4,lz4-1.9.4/lib/lz4hc.c,131,branch_num,22,2
lz4,lz4-1.9.4/lib/lz4hc.c,1320,branch_num,6,2
lz4,lz4-1.9.4/lib/lz4hc.c,1321,branch_num,6,2
lz4,lz4-1.9.4/lib/lz4hc.c,1322,branch_num,6,2
lz4,lz4-1.9.4/lib/lz4hc.c,134,branch_num,22,2
lz4,lz4-1.9.4/lib/lz4hc.c,155,branch_num,108,2
lz4,lz4-1.9.4/lib/lz4hc.c,1560,branch_num,4,2
lz4,lz4-1.9.4/lib/lz4hc.c,278,branch_num,36,4
lz4,lz4-1.9.4/lib/lz4hc.c,282,branch_num,12,4
lz4,lz4-1.9.4/lib/lz4hc.c,284,branch_num,18,2
lz4,lz4-1.9.4/lib/lz4hc.c,288,branch_num,18,2
lz4,lz4-1.9.4/lib/lz4hc.c,289,branch_num,18,2
lz4,lz4-1.9.4/lib/lz4hc.c,290,branch_num,18,2
lz4,lz4-1.9.4/lib/lz4hc.c,293,branch_num,18,2
lz4,lz4-1.9.4/lib/lz4hc.c,302,branch_num,18,2
lz4,lz4-1.9.4/lib/lz4hc.c,305,branch_num,18,2
lz4,lz4-1.9.4/lib/lz4hc.c,307,branch_num,36,4
lz4,lz4-1.9.4/lib/lz4hc.c,309,branch_num,18,2
lz4,lz4-1.9.4/lib/lz4hc.c,311,branch_num,18,2
lz4,lz4-1.9.4/lib/lz4hc.c,317,branch_num,6,4
lz4,lz4-1.9.4/lib/lz4hc.c,319,branch_num,6,2
lz4,lz4-1.9.4/lib/lz4hc.c,326,branch_num,6,2
lz4,lz4-1.9.4/lib/lz4hc.c,329,branch_num,6,2
lz4,lz4-1.9.4/lib/lz4hc.c,334,branch_num,6,2
lz4,lz4-1.9.4/lib/lz4hc.c,335,branch_num,6,2
lz4,lz4-1.9.4/lib/lz4hc.c,341,branch_num,48,6
lz4,lz4-1.9.4/lib/lz4hc.c,344,branch_num,18,2
lz4,lz4-1.9.4/lib/lz4hc.c,352,branch_num,36,4
lz4,lz4-1.9.4/lib/lz4hc.c,353,branch_num,18,2
lz4,lz4-1.9.4/lib/lz4hc.c,355,branch_num,18,2
lz4,lz4-1.9.4/lib/lz4hc.c,356,branch_num,18,2
lz4,lz4-1.9.4/lib/lz4hc.c,357,branch_num,18,2
lz4,lz4-1.9.4/lib/lz4hc.c,359,branch_num,36,4
lz4,lz4-1.9.4/lib/lz4hc.c,363,branch_num,18,2
lz4,lz4-1.9.4/lib/lz4hc.c,366,branch_num,18,2
lz4,lz4-1.9.4/lib/lz4hc.c,367,branch_num,18,2
lz4,lz4-1.9.4/lib/lz4hc.c,368,branch_num,18,2
lz4,lz4-1.9.4/lib/lz4hc.c,377,branch_num,18,2
lz4,lz4-1.9.4/lib/lz4hc.c,378,branch_num,18,2
lz4,lz4-1.9.4/lib/lz4hc.c,380,branch_num,18,2
lz4,lz4-1.9.4/lib/lz4hc.c,389,branch_num,18,2
lz4,lz4-1.9.4/lib/lz4hc.c,394,branch_num,18,2
lz4,lz4-1.9.4/lib/lz4hc.c,396,branch_num,18,2
lz4,lz4-1.9.4/lib/lz4hc.c,398,branch_num,18,2
lz4,lz4-1.9.4/lib/lz4hc.c,405,branch_num,18,2
lz4,lz4-1.9.4/lib/lz4hc.c,417,branch_num,18,2
lz4,lz4-1.9.4/lib/lz4hc.c,418,branch_num,18,2
lz4,lz4-1.9.4/lib/lz4hc.c,419,branch_num,18,2
lz4,lz4-1.9.4/lib/lz4hc.c,424,branch_num,36,4
lz4,lz4-1.9.4/lib/lz4hc.c,427,branch_num,18,2
lz4,lz4-1.9.4/lib/lz4hc.c,431,branch_num,18,2
lz4,lz4-1.9.4/lib/lz4hc.c,433,branch_num,36,2
lz4,lz4-1.9.4/lib/lz4hc.c,435,branch_num,18,2
lz4,lz4-1.9.4/lib/lz4hc.c,504,branch_num,32,4
lz4,lz4-1.9.4/lib/lz4hc.c,509,branch_num,30,2
lz4,lz4-1.9.4/lib/lz4hc.c,512,branch_num,30,2
lz4,lz4-1.9.4/lib/lz4hc.c,529,branch_num,60,4
lz4,lz4-1.9.4/lib/lz4hc.c,533,branch_num,30,2
lz4,lz4-1.9.4/lib/lz4hc.c,536,branch_num,30,2
lz4,lz4-1.9.4/lib/lz4hc.c,537,branch_num,30,2
lz4,lz4-1.9.4/lib/lz4hc.c,589,branch_num,4,2
lz4,lz4-1.9.4/lib/lz4hc.c,592,branch_num,4,2
lz4,lz4-1.9.4/lib/lz4hc.c,594,branch_num,4,2
lz4,lz4-1.9.4/lib/lz4hc.c,600,branch_num,4,2
lz4,lz4-1.9.4/lib/lz4hc.c,608,branch_num,4,2
lz4,lz4-1.9.4/lib/lz4hc.c,610,branch_num,8,2
lz4,lz4-1.9.4/lib/lz4hc.c,614,branch_num,4,2
lz4,lz4-1.9.4/lib/lz4hc.c,615,branch_num,4,2
lz4,lz4-1.9.4/lib/lz4hc.c,620,branch_num,4,2
lz4,lz4-1.9.4/lib/lz4hc.c,631,branch_num,4,2
lz4,lz4-1.9.4/lib/lz4hc.c,634,branch_num,4,2
lz4,lz4-1.9.4/lib/lz4hc.c,635,branch_num,4,2
lz4,lz4-1.9.4/lib/lz4hc.c,637,branch_num,4,2
lz4,lz4-1.9.4/lib/lz4hc.c,645,branch_num,4,2
lz4,lz4-1.9.4/lib/lz4hc.c,653,branch_num,4,2
lz4,lz4-1.9.4/lib/lz4hc.c,655,branch_num,4,2
lz4,lz4-1.9.4/lib/lz4hc.c,658,branch_num,8,2
lz4,lz4-1.9.4/lib/lz4hc.c,661,branch_num,8,2
lz4,lz4-1.9.4/lib/lz4hc.c,669,branch_num,4,2
lz4,lz4-1.9.4/lib/lz4hc.c,670,branch_num,4,2
lz4,lz4-1.9.4/lib/lz4hc.c,671,branch_num,4,2
lz4,lz4-1.9.4/lib/lz4hc.c,676,branch_num,4,2
lz4,lz4-1.9.4/lib/lz4hc.c,684,branch_num,8,2
lz4,lz4-1.9.4/lib/lz4hc.c,706,branch_num,4,2
lz4,lz4-1.9.4/lib/lz4hc.c,707,branch_num,4,2
lz4,lz4-1.9.4/lib/lz4hc.c,709,branch_num,4,2
lz4,lz4-1.9.4/lib/lz4hc.c,710,branch_num,4,2
lz4,lz4-1.9.4/lib/lz4hc.c,712,branch_num,4,2
lz4,lz4-1.9.4/lib/lz4hc.c,722,branch_num,8,2
lz4,lz4-1.9.4/lib/lz4hc.c,739,branch_num,4,2
lz4,lz4-1.9.4/lib/lz4hc.c,740,branch_num,8,4
lz4,lz4-1.9.4/lib/lz4hc.c,741,branch_num,4,2
lz4,lz4-1.9.4/lib/lz4hc.c,750,branch_num,4,2
lz4,lz4-1.9.4/lib/lz4hc.c,753,branch_num,4,2
lz4,lz4-1.9.4/lib/lz4hc.c,767,branch_num,4,2
lz4,lz4-1.9.4/lib/lz4hc.c,775,branch_num,4,2
lz4,lz4-1.9.4/lib/lz4hc.c,780,branch_num,4,2
lz4,lz4-1.9.4/lib/lz4hc.c,781,branch_num,4,2
lz4,lz4-1.9.4/lib/lz4hc.c,836,branch_num,6,4
lz4,lz4-1.9.4/lib/lz4hc.c,837,branch_num,4,2
lz4,lz4-1.9.4/lib/lz4hc.c,840,branch_num,4,2
lz4,lz4-1.9.4/lib/lz4hc.c,846,branch_num,4,2
lz4,lz4-1.9.4/lib/lz4hc.c,858,branch_num,4,2
lz4,lz4-1.9.4/lib/xxhash.c,236,branch_num,8,2
lz4,lz4-1.9.4/lib/xxhash.c,237,branch_num,80,2
lz4,lz4-1.9.4/lib/xxhash.c,239,branch_num,80,2
lz4,lz4-1.9.4/lib/xxhash.c,306,branch_num,17,2
lz4,lz4-1.9.4/lib/xxhash.c,308,branch_val,"[0, 0]","[0, 20]"
lz4,lz4-1.9.4/lib/xxhash.c,310,branch_val,"[0, 0]","[0, 20]"
lz4,lz4-1.9.4/lib/xxhash.c,312,branch_val,"[0, 0]","[0, 20]"
lz4,lz4-1.9.4/lib/xxhash.c,315,branch_val,"[0, 0]","[0, 20]"
lz4,lz4-1.9.4/lib/xxhash.c,317,branch_val,"[0, 0]","[0, 20]"
lz4,lz4-1.9.4/lib/xxhash.c,319,branch_val,"[0, 0]","[0, 20]"
lz4,lz4-1.9.4/lib/xxhash.c,323,branch_val,"[0, 0]","[0, 20]"
lz4,lz4-1.9.4/lib/xxhash.c,325,branch_val,"[0, 0]","[0, 20]"
lz4,lz4-1.9.4/lib/xxhash.c,327,branch_val,"[0, 0]","[0, 20]"
lz4,lz4-1.9.4/lib/xxhash.c,332,branch_val,"[0, 10]","[10, 10]"
lz4,lz4-1.9.4/lib/xxhash.c,334,branch_val,"[0, 10]","[0, 20]"
lz4,lz4-1.9.4/lib/xxhash.c,336,branch_val,"[0, 10]","[0, 20]"
lz4,lz4-1.9.4/lib/xxhash.c,366,branch_num,4,2
lz4,lz4-1.9.4/lib/xxhash.c,378,branch_num,4,2
lz4,lz4-1.9.4/lib/xxhash.c,454,branch_num,4,2
lz4,lz4-1.9.4/lib/xxhash.c,467,branch_num,4,2
lz4,lz4-1.9.4/lib/xxhash.c,473,branch_num,4,2
lz4,lz4-1.9.4/lib/xxhash.c,485,branch_num,4,2
lz4,lz4-1.9.4/lib/xxhash.c,497,branch_num,4,2
lz4,lz4-1.9.4/lib/xxhash.c,505,branch_num,4,2
lz4,lz4-1.9.4/lib/xxhash.c,531,branch_num,4,2
lz4,lz4-1.9.4/lib/xxhash.c,647,branch_num,8,2
lz4,lz4-1.9.4/lib/xxhash.c,648,branch_num,96,2
lz4,lz4-1.9.4/lib/xxhash.c,650,branch_num,96,2
lz4,lz4-1.9.4/lib/xxhash.c,723,branch_num,33,2
lz4,lz4-1.9.4/lib/xxhash.c,825,branch_num,4,2
lz4,lz4-1.9.4/lib/xxhash.c,837,branch_num,4,2
lz4,lz4-1.9.4/lib/xxhash.c,914,branch_num,4,2
lz4,lz4-1.9.4/lib/xxhash.c,926,branch_num,4,2
lz4,lz4-1.9.4/lib/xxhash.c,932,branch_num,4,2
lz4,lz4-1.9.4/lib/xxhash.c,942,branch_num,4,2
lz4,lz4-1.9.4/lib/xxhash.c,954,branch_num,4,2
lz4,lz4-1.9.4/lib/xxhash.c,962,branch_num,4,2
lz4,lz4-1.9.4/lib/xxhash.c,985,branch_num,4,2
lz4,lz4-1.9.4/programs/bench.c,473,branch_num,2,4
lz4,lz4-1.9.4/programs/bench.c,476,branch_num,2,4
lz4,lz4-1.9.4/programs/bench.c,534,branch_num,2,4
lz4,lz4-1.9.4/programs/bench.c,537,branch_num,2,4
lz4,lz4-1.9.4/programs/bench.c,674,branch_num,8,2
lz4,lz4-1.9.4/programs/bench.c,681,branch_num,8,2
lz4,lz4-1.9.4/programs/bench.c,688,branch_num,8,2
lz4,lz4-1.9.4/programs/bench.c,701,branch_num,8,2
lz4,lz4-1.9.4/programs/bench.c,705,branch_num,8,2
lz4,lz4-1.9.4/programs/bench.c,715,branch_num,8,2
lz4,lz4-1.9.4/programs/bench.c,743,branch_num,8,2
lz4,lz4-1.9.4/programs/bench.c,818,branch_num,8,2
lz4,lz4-1.9.4/programs/datagen.c,83,branch_num,2,4
lz4,lz4-1.9.4/programs/lz4cli.c,508,branch_num,2,4
lz4,lz4-1.9.4/programs/lz4cli.c,635,branch_num,4,2
lz4,lz4-1.9.4/programs/lz4cli.c,644,branch_num,4,2
lz4,lz4-1.9.4/programs/lz4cli.c,668,branch_num,4,2
lz4,lz4-1.9.4/programs/lz4cli.c,711,branch_num,4,2
lz4,lz4-1.9.4/programs/lz4cli.c,721,branch_num,4,6
lz4,lz4-1.9.4/programs/lz4cli.c,752,branch_num,2,4
lz4,lz4-1.9.4/programs/lz4cli.c,771,branch_num,2,4
lz4,lz4-1.9.4/programs/lz4io.c,1032,branch_num,8,2
lz4,lz4-1.9.4/programs/lz4io.c,1042,branch_num,8,2
lz4,lz4-1.9.4/programs/lz4io.c,1049,branch_num,10,4
lz4,lz4-1.9.4/programs/lz4io.c,1060,branch_num,8,2
lz4,lz4-1.9.4/programs/lz4io.c,1077,branch_num,2,4
lz4,lz4-1.9.4/programs/lz4io.c,1129,branch_num,8,2
lz4,lz4-1.9.4/programs/lz4io.c,1132,branch_num,8,2
lz4,lz4-1.9.4/programs/lz4io.c,1163,branch_num,8,2
lz4,lz4-1.9.4/programs/lz4io.c,1183,branch_num,2,4
lz4,lz4-1.9.4/programs/lz4io.c,1285,branch_num,2,4
lz4,lz4-1.9.4/programs/lz4io.c,1377,branch_num,8,2
lz4,lz4-1.9.4/programs/lz4io.c,1394,branch_num,8,2
lz4,lz4-1.9.4/programs/lz4io.c,1480,branch_num,2,4
lz4,lz4-1.9.4/programs/lz4io.c,151,branch_num,8,2
lz4,lz4-1.9.4/programs/lz4io.c,1537,branch_num,4,8
lz4,lz4-1.9.4/programs/lz4io.c,1597,branch_num,10,4
lz4,lz4-1.9.4/programs/lz4io.c,1604,branch_num,10,4
lz4,lz4-1.9.4/programs/lz4io.c,1726,branch_num,2,4
lz4,lz4-1.9.4/programs/lz4io.c,330,branch_num,4,2
lz4,lz4-1.9.4/programs/lz4io.c,343,branch_num,2,4
lz4,lz4-1.9.4/programs/lz4io.c,372,branch_num,4,2
lz4,lz4-1.9.4/programs/lz4io.c,454,branch_num,2,4
lz4,lz4-1.9.4/programs/lz4io.c,459,branch_num,2,4
lz4,lz4-1.9.4/programs/lz4io.c,465,branch_num,2,4
lz4,lz4-1.9.4/programs/lz4io.c,466,branch_num,2,4
lz4,lz4-1.9.4/programs/lz4io.c,471,branch_num,8,2
lz4,lz4-1.9.4/programs/lz4io.c,566,branch_num,8,2
lz4,lz4-1.9.4/programs/lz4io.c,567,branch_num,8,2
lz4,lz4-1.9.4/programs/lz4io.c,570,branch_num,8,2
lz4,lz4-1.9.4/programs/lz4io.c,599,branch_num,8,2
lz4,lz4-1.9.4/programs/lz4io.c,618,branch_num,8,2
lz4,lz4-1.9.4/programs/lz4io.c,630,branch_num,8,2
lz4,lz4-1.9.4/programs/lz4io.c,637,branch_num,10,4
lz4,lz4-1.9.4/programs/lz4io.c,653,branch_num,8,2
lz4,lz4-1.9.4/programs/lz4io.c,701,branch_num,8,2
lz4,lz4-1.9.4/programs/lz4io.c,725,branch_num,8,2
lz4,lz4-1.9.4/programs/lz4io.c,747,branch_num,8,2
lz4,lz4-1.9.4/programs/lz4io.c,893,branch_num,8,2
lz4,lz4-1.9.4/programs/lz4io.c,900,branch_num,8,2
lz4,lz4-1.9.4/programs/lz4io.c,917,branch_num,8,2
lz4,lz4-1.9.4/programs/lz4io.c,923,branch_num,8,2
lz4,lz4-1.9.4/programs/lz4io.c,937,branch_num,8,2
lz4,lz4-1.9.4/programs/lz4io.c,940,branch_num,8,2
lz4,lz4-1.9.4/programs/lz4io.c,970,branch_num,10,4
lz4,lz4-1.9.4/programs/lz4io.c,979,branch_num,8,2
lz4,lz4-1.9.4/programs/lz4io.c,990,branch_num,8,2
lz4,lz4-1.9.4/programs/lz4io.c,994,branch_num,8,2
lz4,lz4-1.9.4/programs/lz4io.c,999,branch_num,8,2
lz4,lz4-1.9.4/programs/util.h,189,branch_num,8,2
lz4,lz4-1.9.4/programs/util.h,204,branch_num,16,8
lz4,lz4-1.9.4/programs/util.h,205,branch_num,8,2
lz4,lz4-1.9.4/programs/util.h,206,branch_num,8,2
lz4,lz4-1.9.4/programs/util.h,274,branch_num,8,4
lz4,lz4-1.9.4/programs/util.h,281,branch_num,8,4
lz4,lz4-1.9.4/programs/util.h,336,branch_num,8,2
lz4,lz4-1.9.4/programs/util.h,360,branch_num,8,2
lz4,lz4-1.9.4/programs/util.h,397,branch_num,16,4
lz4,lz4-1.9.4/programs/util.h,410,branch_num,16,4
lz4,lz4-1.9.4/programs/util.h,443,branch_num,16,8
lz4,lz4-1.9.4/programs/util.h,456,branch_num,8,2
lz4,lz4-1.9.4/programs/util.h,461,branch_num,16,4
lz4,lz4-1.9.4/programs/util.h,472,branch_num,16,4
lz4,lz4-1.9.4/programs/util.h,481,branch_num,8,2
lz4,lz4-1.9.4/programs/util.h,563,branch_num,8,2
lz4,lz4-1.9.4/programs/util.h,570,branch_num,8,2
lz4,lz4-1.9.4/programs/util.h,573,branch_num,8,2
lz4,lz4-1.9.4/programs/util.h,574,branch_num,8,2
lz4,lz4-1.9.4/programs/util.h,577,branch_num,8,2
lz4,lz4-1.9.4/programs/util.h,584,branch_num,8,2
lz4,lz4-1.9.4/programs/util.h,586,branch_num,8,2
lz4,lz4-1.9.4/programs/util.h,588,branch_num,8,2
lz4,lz4-1.9.4/programs/util.h,592,branch_num,8,2
lz4,lz4-1.9.4/programs/util.h,594,branch_num,8,2
lz4,lz4-1.9.4/programs/util.h,604,branch_num,8,2
lz4,lz4-1.9.4/programs/util.h,640,branch_num,8,2
lz4,lz4-1.9.4/programs/util.h,642,branch_num,8,2
lz4,lz4-1.9.4/programs/util.h,643,branch_num,8,2
lz4,lz4-1.9.4/programs/util.h,645,branch_num,8,2
lz4,lz4-1.9.4/programs/util.h,646,branch_num,8,2
lz4,lz4-1.9.4/programs/util.h,648,branch_num,8,2
lz4,lz4-1.9.4/programs/util.h,650,branch_num,8,4
lz4,lz4-1.9.4/programs/util.h,657,branch_num,8,2
lz4,lz4-1.9.4/programs/util.h,658,branch_num,8,4
lz4,lz4-1.9.4/programs/util.h,662,branch_num,8,2
lz4,lz4-1.9.4/programs/util.h,665,branch_num,8,2
lz4,lz4-1.9.4/programs/util.h,667,branch_num,8,2
lz4,lz4-1.9.4/programs/util.h,672,branch_num,8,2
lzma,lzma-9.22/C/CpuArch.c,136,branch_num,4,2
lzma,lzma-9.22/C/CpuArch.c,138,branch_num,6,8
lzma,lzma-9.22/C/CpuArch.c,139,branch_num,8,10
lzma,lzma-9.22/C/CpuArch.c,140,branch_num,6,8
lzma,lzma-9.22/C/LzmaDec.c,174,branch_num,6,2
lzma,lzma-9.22/C/LzmaDec.c,519,branch_num,8,2
lzma,lzma-9.22/C/LzmaEnc.c,1584,branch_num,6,4
lzma,lzma-9.22/C/LzmaEnc.c,72,branch_num,2,4
lzma,lzma-9.22/C/LzmaEnc.c,74,branch_num,2,4
lzma,lzma-9.22/C/LzmaEnc.c,76,branch_num,2,4
lzma,lzma-9.22/CPP/7zip/Bundles/LzmaCon/lzmp.cpp,399,branch_num,4,2
lzma,lzma-9.22/CPP/7zip/Bundles/LzmaCon/lzmp.cpp,416,branch_num,4,2
lzma,lzma-9.22/CPP/7zip/Bundles/LzmaCon/lzmp.cpp,440,branch_num,4,2
lzma,lzma-9.22/CPP/7zip/Bundles/LzmaCon/lzmp.cpp,444,branch_num,4,2
lzma,lzma-9.22/CPP/7zip/Bundles/LzmaCon/lzmp.cpp,451,branch_num,4,2
lzma,lzma-9.22/CPP/7zip/Bundles/LzmaCon/lzmp.cpp,459,branch_num,4,2
lzma,lzma-9.22/CPP/7zip/Bundles/LzmaCon/lzmp.cpp,520,branch_num,8,2
lzma,lzma-9.22/CPP/7zip/Bundles/LzmaCon/lzmp.cpp,529,branch_num,8,2
lzma,lzma-9.22/CPP/7zip/Bundles/LzmaCon/lzmp.cpp,720,branch_num,2,6
lzma,lzma-9.22/CPP/7zip/Bundles/LzmaCon/lzmp.cpp,721,branch_num,12,2
lzma,lzma-9.22/CPP/7zip/Bundles/LzmaCon/lzmp.cpp,733,branch_num,14,2
lzma,lzma-9.22/CPP/7zip/Bundles/LzmaCon/lzmp.cpp,783,branch_num,6,4
lzma,lzma-9.22/CPP/7zip/Bundles/LzmaCon/lzmp.cpp,791,branch_num,6,2
lzma,lzma-9.22/CPP/7zip/Common/CWrappers.cpp,33,branch_num,7,2
lzma,lzma-9.22/CPP/7zip/Common/CWrappers.cpp,87,branch_num,7,2
lzma,lzma-9.22/CPP/7zip/Compress/LzmaDecoder.cpp,13,branch_num,6,2
lzma,lzma-9.22/CPP/7zip/Compress/LzmaEncoder.cpp,150,branch_num,4,2
lzma,lzma-9.22/CPP/7zip/Compress/LzmaEncoder.cpp,99,branch_num,2,4
lzma,lzma-9.22/CPP/Common/MyString.h,115,branch_num,2,4
lzma,lzma-9.22/CPP/Common/MyString.h,123,branch_num,2,4
lzma,lzma-9.22/CPP/Common/MyString.h,125,branch_num,2,4
lzma,lzma-9.22/CPP/Common/MyString.h,137,branch_num,2,4
lzma,lzma-9.22/CPP/Common/MyString.h,140,branch_num,2,4
lzma,lzma-9.22/CPP/Common/MyString.h,142,branch_num,2,4
lzma,lzma-9.22/CPP/Common/MyString.h,146,branch_num,2,4
lzo2,lzo2-2.10/src/lzo1b_9x.c,173,branch_num,4,2
lzo2,lzo2-2.10/src/lzo1b_9x.c,174,branch_num,2,4
lzo2,lzo2-2.10/src/lzo1c_9x.c,175,branch_num,4,2
lzo2,lzo2-2.10/src/lzo1c_9x.c,176,branch_num,2,4
lzo2,lzo2-2.10/src/lzo1f_9x.c,186,branch_num,4,2
lzo2,lzo2-2.10/src/lzo1f_9x.c,187,branch_num,2,4
lzo2,lzo2-2.10/src/lzo1f_9x.c,221,branch_num,4,2
lzo2,lzo2-2.10/src/lzo1f_9x.c,228,branch_num,4,2
lzo2,lzo2-2.10/src/lzo1x_9x.c,621,branch_num,18,12
lzo2,lzo2-2.10/src/lzo1x_9x.c,623,branch_num,6,12
lzo2,lzo2-2.10/src/lzo_init.c,221,branch_num,6,4
lzo2,lzo2-2.10/src/lzo_init.c,222,branch_num,2,4
lzo2,lzo2-2.10/src/lzo_swd.ch,399,branch_num,28,14
man-db,man-db-2.11.2/src/decompress.c,210,branch_num,4,2
man-db,man-db-2.11.2/src/decompress.c,287,branch_num,2,4
man-db,man-db-2.11.2/src/decompress.c,293,branch_num,2,4
man-db,man-db-2.11.2/src/decompress.c,299,branch_num,2,4
man-db,man-db-2.11.2/src/decompress.c,305,branch_num,2,4
man-db,man-db-2.11.2/src/decompress.c,328,branch_num,2,4
man-db,man-db-2.11.2/src/decompress.c,341,branch_num,2,4
man-db,man-db-2.11.2/src/decompress.c,352,branch_num,2,4
man-db,man-db-2.11.2/src/decompress.c,353,branch_num,2,4
man-db,man-db-2.11.2/src/decompress.c,364,branch_num,2,4
man-db,man-db-2.11.2/src/decompress.c,392,branch_num,2,4
man-db,man-db-2.11.2/src/decompress.c,418,branch_num,2,4
man-db,man-db-2.11.2/src/decompress.c,430,branch_num,2,4
man-db,man-db-2.11.2/src/globbing.c,268,branch_num,2,4
man-db,man-db-2.11.2/src/globbing.c,334,branch_num,2,4
man-db,man-db-2.11.2/src/man.c,1150,branch_num,4,2
man-db,man-db-2.11.2/src/man.c,1438,branch_num,6,4
man-db,man-db-2.11.2/src/man.c,1649,branch_num,6,4
man-db,man-db-2.11.2/src/man.c,2289,branch_num,2,4
man-db,man-db-2.11.2/src/man.c,2343,branch_num,2,4
man-db,man-db-2.11.2/src/man.c,2345,branch_num,2,4
man-db,man-db-2.11.2/src/man.c,2401,branch_num,2,4
man-db,man-db-2.11.2/src/man.c,2404,branch_num,2,4
man-db,man-db-2.11.2/src/man.c,2426,branch_num,2,4
man-db,man-db-2.11.2/src/man.c,2430,branch_num,2,4
man-db,man-db-2.11.2/src/man.c,2431,branch_num,2,4
man-db,man-db-2.11.2/src/man.c,2503,branch_num,2,4
man-db,man-db-2.11.2/src/man.c,2725,branch_num,6,4
man-db,man-db-2.11.2/src/man.c,3133,branch_num,2,4
man-db,man-db-2.11.2/src/man.c,3136,branch_num,2,4
man-db,man-db-2.11.2/src/man.c,3519,branch_num,4,2
man-db,man-db-2.11.2/src/man.c,3550,branch_num,2,4
man-db,man-db-2.11.2/src/man.c,3565,branch_num,4,2
man-db,man-db-2.11.2/src/man.c,3581,branch_num,4,2
man-db,man-db-2.11.2/src/man.c,382,branch_num,40,2
man-db,man-db-2.11.2/src/man.c,4292,branch_val,"[0, 0]","[0, 1]"
man-db,man-db-2.11.2/src/man.c,4302,branch_val,"[0, 0]","[0, 1]"
man-db,man-db-2.11.2/src/man.c,4316,branch_val,"[0, 0]","[0, 1]"
man-db,man-db-2.11.2/src/man.c,4325,branch_val,"[0, 0]","[0, 1]"
man-db,man-db-2.11.2/src/man.c,4365,branch_num,2,4
man-db,man-db-2.11.2/src/man.c,4376,branch_num,2,4
man-db,man-db-2.11.2/src/man.c,4462,branch_val,"[0, 0]","[0, 1]"
man-db,man-db-2.11.2/src/man.c,612,branch_num,2,4
man-db,man-db-2.11.2/src/man.c,981,branch_num,4,2
man-db,man-db-2.11.2/src/manconv.c,209,branch_num,6,4
man-db,man-db-2.11.2/src/manconv.c,210,branch_num,2,4
man-db,man-db-2.11.2/src/manconv.c,211,branch_num,2,4
man-db,man-db-2.11.2/src/manconv.c,212,branch_num,2,4
man-db,man-db-2.11.2/src/manconv.c,236,branch_num,4,2
man-db,man-db-2.11.2/src/manp.c,148,branch_num,4,2
man-db,man-db-2.11.2/src/manp.c,276,branch_num,6,12
man-db,man-db-2.11.2/src/manp.c,305,branch_num,2,4
man-db,man-db-2.11.2/src/ult_src.c,166,branch_num,4,2
man-db,man-db-2.11.2/src/ult_src.c,227,branch_num,2,4
man-db,man-db-2.11.2/src/ult_src.c,245,branch_num,2,4
man-db,man-db-2.11.2/src/ult_src.c,379,branch_num,2,4
man-db,man-db-2.11.2/src/ult_src.c,393,branch_num,2,4
man-db,man-db-2.11.2/src/ult_src.c,92,branch_num,2,4
man-db,man-db-2.11.2/src/zsoelim.c,1104,branch_num,4,2
man-db,man-db-2.11.2/src/zsoelim.c,1486,branch_num,4,2
man-db,man-db-2.11.2/src/zsoelim.c,1827,branch_num,4,2
man-db,man-db-2.11.2/src/zsoelim.c,1850,branch_num,4,2
man-db,man-db-2.11.2/src/zsoelim.c,1920,branch_num,4,2
man-db,man-db-2.11.2/src/zsoelim.c,1947,branch_num,4,2
man-db,man-db-2.11.2/src/zsoelim.c,1980,branch_num,4,2
man-db,man-db-2.11.2/src/zsoelim.c,2022,branch_num,4,2
mawk,mawk-1.3.4.20200120/array.c,297,branch_num,2,4
mawk,mawk-1.3.4.20200120/array.c,318,branch_num,6,2
mawk,mawk-1.3.4.20200120/fcall.c,116,branch_num,3,2
mawk,mawk-1.3.4.20200120/fcall.c,194,branch_num,4,2
mawk,mawk-1.3.4.20200120/fcall.c,202,branch_num,5,2
mawk,mawk-1.3.4.20200120/fcall.c,340,branch_num,6,4
mawk,mawk-1.3.4.20200120/fcall.c,341,branch_num,2,4
mawk,mawk-1.3.4.20200120/fcall.c,85,branch_num,3,2
mawk,mawk-1.3.4.20200120/field.c,312,branch_num,4,6
mawk,mawk-1.3.4.20200120/field.c,313,branch_num,8,6
mawk,mawk-1.3.4.20200120/field.c,662,branch_num,6,12
mawk,mawk-1.3.4.20200120/files.c,125,branch_num,5,2
mawk,mawk-1.3.4.20200120/files.c,226,branch_num,5,2
mawk,mawk-1.3.4.20200120/fin.c,559,branch_num,4,2
mawk,mawk-1.3.4.20200120/hash.c,257,branch_num,3,2
mawk,mawk-1.3.4.20200120/init.c,348,branch_num,10,2
mawk,mawk-1.3.4.20200120/parse.c,2005,branch_val,"[0, 0]","[0, 15]"
mawk,mawk-1.3.4.20200120/parse.c,2013,branch_val,"[0, 0]","[0, 15]"
mawk,mawk-1.3.4.20200120/parse.c,2023,branch_val,"[0, 0]","[0, 15]"
mawk,mawk-1.3.4.20200120/parse.c,2111,branch_val,"[0, 0]","[0, 15]"
mawk,mawk-1.3.4.20200120/parse.c,2297,branch_val,"[0, 0]","[0, 15]"
mawk,mawk-1.3.4.20200120/parse.c,2306,branch_val,"[0, 0]","[0, 15]"
mawk,mawk-1.3.4.20200120/parse.c,2314,branch_val,"[0, 0]","[0, 15]"
mawk,mawk-1.3.4.20200120/parse.c,2350,branch_val,"[0, 0]","[0, 15]"
mawk,mawk-1.3.4.20200120/parse.c,2377,branch_val,"[0, 0]","[0, 15]"
mawk,mawk-1.3.4.20200120/parse.c,2533,branch_val,"[0, 0]","[0, 15]"
mawk,mawk-1.3.4.20200120/parse.c,2603,branch_val,"[0, 0]","[0, 15]"
mawk,mawk-1.3.4.20200120/parse.c,2664,branch_val,"[0, 0]","[0, 15]"
mawk,mawk-1.3.4.20200120/parse.c,2679,branch_val,"[0, 0]","[0, 15]"
mawk,mawk-1.3.4.20200120/parse.c,2694,branch_val,"[0, 0]","[0, 15]"
mawk,mawk-1.3.4.20200120/parse.c,2712,branch_val,"[0, 0]","[0, 15]"
mawk,mawk-1.3.4.20200120/parse.c,2782,branch_val,"[0, 0]","[0, 15]"
mawk,mawk-1.3.4.20200120/parse.c,2881,branch_val,"[0, 0]","[0, 15]"
mawk,mawk-1.3.4.20200120/parse.c,2912,branch_val,"[0, 0]","[0, 15]"
mawk,mawk-1.3.4.20200120/parse.c,3030,branch_val,"[0, 0]","[0, 15]"
mawk,mawk-1.3.4.20200120/parse.c,3111,branch_val,"[0, 0]","[0, 15]"
mawk,mawk-1.3.4.20200120/parse.c,3137,branch_val,"[0, 0]","[0, 15]"
mawk,mawk-1.3.4.20200120/parse.c,3162,branch_val,"[0, 0]","[0, 15]"
mawk,mawk-1.3.4.20200120/parse.c,3208,branch_val,"[0, 0]","[0, 15]"
mawk,mawk-1.3.4.20200120/parse.c,3296,branch_num,4,6
mawk,mawk-1.3.4.20200120/parse.c,3310,branch_num,6,2
mawk,mawk-1.3.4.20200120/print.c,473,branch_num,4,6
mawk,mawk-1.3.4.20200120/print.c,474,branch_num,8,6
mawk,mawk-1.3.4.20200120/rexp0.c,121,branch_num,6,2
mawk,mawk-1.3.4.20200120/rexp0.c,466,branch_num,14,2
mawk,mawk-1.3.4.20200120/rexpdb.c,65,branch_num,4,2
mawk,mawk-1.3.4.20200120/scan.c,1040,branch_num,10,2
mawk,mawk-1.3.4.20200120/scan.c,1066,branch_num,4,2
mawk,mawk-1.3.4.20200120/scan.c,209,branch_num,6,4
mawk,mawk-1.3.4.20200120/scan.c,228,branch_num,4,2
mawk,mawk-1.3.4.20200120/scan.c,258,branch_num,4,2
mawk,mawk-1.3.4.20200120/scan.c,298,branch_num,36,2
mawk,mawk-1.3.4.20200120/scan.c,315,branch_num,4,2
mawk,mawk-1.3.4.20200120/scan.c,393,branch_num,4,2
mawk,mawk-1.3.4.20200120/scan.c,439,branch_num,4,2
mawk,mawk-1.3.4.20200120/scan.c,452,branch_num,4,2
mawk,mawk-1.3.4.20200120/scan.c,469,branch_num,4,2
mawk,mawk-1.3.4.20200120/scan.c,484,branch_num,4,2
mawk,mawk-1.3.4.20200120/scan.c,501,branch_num,4,2
mawk,mawk-1.3.4.20200120/scan.c,570,branch_num,4,2
mawk,mawk-1.3.4.20200120/scan.c,620,branch_num,4,2
mawk,mawk-1.3.4.20200120/scan.c,682,branch_num,4,2
mawk,mawk-1.3.4.20200120/scan.c,726,branch_num,4,2
mawk,mawk-1.3.4.20200120/scan.c,734,branch_num,4,2
mawk,mawk-1.3.4.20200120/scan.c,748,branch_num,4,2
mawk,mawk-1.3.4.20200120/scan.c,758,branch_num,4,2
mawk,mawk-1.3.4.20200120/scan.c,774,branch_num,4,2
mawk,mawk-1.3.4.20200120/scan.c,98,branch_num,4,2
mawk,mawk-1.3.4.20200120/scan.c,994,branch_num,4,2
mawk,mawk-1.3.4.20200120/zmalloc.c,291,branch_num,4,2
nano,nano-7.2/src/browser.c,107,branch_num,4,2
nano,nano-7.2/src/browser.c,174,branch_num,2,4
nano,nano-7.2/src/browser.c,449,branch_num,4,2
nano,nano-7.2/src/browser.c,461,branch_num,4,2
nano,nano-7.2/src/color.c,296,branch_num,6,4
nano,nano-7.2/src/cut.c,119,branch_num,4,2
nano,nano-7.2/src/cut.c,126,branch_num,4,2
nano,nano-7.2/src/cut.c,138,branch_num,4,2
nano,nano-7.2/src/cut.c,162,branch_num,4,2
nano,nano-7.2/src/cut.c,163,branch_num,2,4
nano,nano-7.2/src/cut.c,257,branch_num,6,4
nano,nano-7.2/src/cut.c,258,branch_num,2,4
nano,nano-7.2/src/cut.c,453,branch_num,4,2
nano,nano-7.2/src/cut.c,538,branch_num,6,4
nano,nano-7.2/src/cut.c,53,branch_num,4,2
nano,nano-7.2/src/cut.c,584,branch_num,6,4
nano,nano-7.2/src/cut.c,644,branch_num,4,2
nano,nano-7.2/src/cut.c,662,branch_num,6,4
nano,nano-7.2/src/cut.c,755,branch_num,4,2
nano,nano-7.2/src/files.c,1230,branch_num,4,2
nano,nano-7.2/src/files.c,1793,branch_num,6,4
nano,nano-7.2/src/files.c,1795,branch_num,4,2
nano,nano-7.2/src/files.c,1796,branch_num,2,4
nano,nano-7.2/src/files.c,1856,branch_num,4,2
nano,nano-7.2/src/files.c,2053,branch_num,8,6
nano,nano-7.2/src/files.c,2152,branch_num,4,2
nano,nano-7.2/src/files.c,2166,branch_num,6,4
nano,nano-7.2/src/files.c,2260,branch_num,4,2
nano,nano-7.2/src/files.c,2323,branch_num,4,2
nano,nano-7.2/src/files.c,2656,branch_num,4,2
nano,nano-7.2/src/files.c,375,branch_num,6,4
nano,nano-7.2/src/files.c,429,branch_num,6,4
nano,nano-7.2/src/files.c,442,branch_num,6,4
nano,nano-7.2/src/files.c,721,branch_num,6,4
nano,nano-7.2/src/files.c,722,branch_num,4,6
nano,nano-7.2/src/global.c,1442,branch_num,4,2
nano,nano-7.2/src/global.c,443,branch_num,6,4
nano,nano-7.2/src/global.c,499,branch_num,8,2
nano,nano-7.2/src/help.c,328,branch_num,6,4
nano,nano-7.2/src/help.c,466,branch_num,4,2
nano,nano-7.2/src/help.c,482,branch_num,8,4
nano,nano-7.2/src/help.c,483,branch_num,2,4
nano,nano-7.2/src/help.c,490,branch_num,6,4
nano,nano-7.2/src/help.c,491,branch_num,2,4
nano,nano-7.2/src/help.c,493,branch_num,6,4
nano,nano-7.2/src/help.c,494,branch_num,2,4
nano,nano-7.2/src/move.c,248,branch_num,6,4
nano,nano-7.2/src/move.c,438,branch_num,4,2
nano,nano-7.2/src/move.c,457,branch_num,4,2
nano,nano-7.2/src/move.c,509,branch_num,4,2
nano,nano-7.2/src/move.c,584,branch_num,4,2
nano,nano-7.2/src/move.c,609,branch_num,4,2
nano,nano-7.2/src/move.c,631,branch_num,4,2
nano,nano-7.2/src/move.c,80,branch_num,6,2
nano,nano-7.2/src/move.c,81,branch_num,2,4
nano,nano-7.2/src/nano.c,1039,branch_num,6,4
nano,nano-7.2/src/nano.c,1064,branch_num,9,2
nano,nano-7.2/src/nano.c,1079,branch_num,4,2
nano,nano-7.2/src/nano.c,1115,branch_num,6,2
nano,nano-7.2/src/nano.c,1122,branch_num,6,2
nano,nano-7.2/src/nano.c,1427,branch_num,8,6
nano,nano-7.2/src/nano.c,1521,branch_num,4,2
nano,nano-7.2/src/nano.c,1522,branch_num,4,2
nano,nano-7.2/src/nano.c,1620,branch_num,4,2
nano,nano-7.2/src/nano.c,1678,branch_num,4,2
nano,nano-7.2/src/nano.c,1688,branch_num,4,2
nano,nano-7.2/src/nano.c,2181,branch_num,4,2
nano,nano-7.2/src/nano.c,220,branch_num,6,4
nano,nano-7.2/src/nano.c,221,branch_num,2,4
nano,nano-7.2/src/nano.c,2247,branch_num,6,2
nano,nano-7.2/src/nano.c,2368,branch_num,6,4
nano,nano-7.2/src/nano.c,2426,branch_num,2,6
nano,nano-7.2/src/nano.c,2500,branch_num,4,2
nano,nano-7.2/src/nano.c,2550,branch_num,8,4
nano,nano-7.2/src/nano.c,2573,branch_num,8,6
nano,nano-7.2/src/nano.c,2579,branch_num,6,4
nano,nano-7.2/src/nano.c,2593,branch_num,4,2
nano,nano-7.2/src/nano.c,2601,branch_num,4,2
nano,nano-7.2/src/nano.c,308,branch_num,4,2
nano,nano-7.2/src/nano.c,413,branch_num,4,2
nano,nano-7.2/src/nano.c,414,branch_num,4,2
nano,nano-7.2/src/prompt.c,308,branch_num,4,2
nano,nano-7.2/src/prompt.c,309,branch_num,4,2
nano,nano-7.2/src/prompt.c,312,branch_num,2,4
nano,nano-7.2/src/prompt.c,765,branch_num,4,2
nano,nano-7.2/src/rcfile.c,1725,branch_num,4,2
nano,nano-7.2/src/search.c,1020,branch_num,4,2
nano,nano-7.2/src/search.c,128,branch_num,4,2
nano,nano-7.2/src/search.c,202,branch_num,4,2
nano,nano-7.2/src/search.c,316,branch_num,8,6
nano,nano-7.2/src/search.c,317,branch_num,2,4
nano,nano-7.2/src/search.c,318,branch_num,4,2
nano,nano-7.2/src/search.c,373,branch_num,4,2
nano,nano-7.2/src/search.c,607,branch_num,4,2
nano,nano-7.2/src/search.c,651,branch_num,6,4
nano,nano-7.2/src/search.c,746,branch_num,4,2
nano,nano-7.2/src/search.c,812,branch_num,4,2
nano,nano-7.2/src/search.c,97,branch_num,2,4
nano,nano-7.2/src/text.c,1212,branch_num,4,2
nano,nano-7.2/src/text.c,1216,branch_num,4,2
nano,nano-7.2/src/text.c,1338,branch_num,6,4
nano,nano-7.2/src/text.c,1505,branch_num,6,4
nano,nano-7.2/src/text.c,3022,branch_num,6,4
nano,nano-7.2/src/text.c,3045,branch_num,4,2
nano,nano-7.2/src/text.c,870,branch_num,6,2
nano,nano-7.2/src/text.c,871,branch_num,2,4
nano,nano-7.2/src/text.c,924,branch_num,4,2
nano,nano-7.2/src/utils.c,354,branch_num,6,4
nano,nano-7.2/src/winio.c,1028,branch_num,6,4
nano,nano-7.2/src/winio.c,1041,branch_num,6,4
nano,nano-7.2/src/winio.c,1042,branch_num,2,4
nano,nano-7.2/src/winio.c,1055,branch_num,9,2
nano,nano-7.2/src/winio.c,1067,branch_num,6,4
nano,nano-7.2/src/winio.c,1068,branch_num,2,4
nano,nano-7.2/src/winio.c,1071,branch_num,6,4
nano,nano-7.2/src/winio.c,1072,branch_num,2,4
nano,nano-7.2/src/winio.c,1204,branch_num,7,2
nano,nano-7.2/src/winio.c,1216,branch_num,8,2
nano,nano-7.2/src/winio.c,1229,branch_num,5,2
nano,nano-7.2/src/winio.c,1247,branch_num,21,2
nano,nano-7.2/src/winio.c,1716,branch_num,8,4
nano,nano-7.2/src/winio.c,1742,branch_num,6,4
nano,nano-7.2/src/winio.c,1825,branch_num,6,4
nano,nano-7.2/src/winio.c,1827,branch_num,4,6
nano,nano-7.2/src/winio.c,1850,branch_num,6,4
nano,nano-7.2/src/winio.c,1851,branch_num,6,4
nano,nano-7.2/src/winio.c,1922,branch_num,8,6
nano,nano-7.2/src/winio.c,1923,branch_num,2,4
nano,nano-7.2/src/winio.c,204,branch_num,8,6
nano,nano-7.2/src/winio.c,209,branch_num,8,4
nano,nano-7.2/src/winio.c,2116,branch_num,6,4
nano,nano-7.2/src/winio.c,2210,branch_num,4,2
nano,nano-7.2/src/winio.c,2215,branch_num,4,2
nano,nano-7.2/src/winio.c,2219,branch_num,4,2
nano,nano-7.2/src/winio.c,2240,branch_num,8,6
nano,nano-7.2/src/winio.c,2257,branch_num,6,4
nano,nano-7.2/src/winio.c,235,branch_num,6,4
nano,nano-7.2/src/winio.c,236,branch_num,4,2
nano,nano-7.2/src/winio.c,2429,branch_num,4,2
nano,nano-7.2/src/winio.c,244,branch_num,6,4
nano,nano-7.2/src/winio.c,2530,branch_num,4,2
nano,nano-7.2/src/winio.c,2555,branch_num,4,2
nano,nano-7.2/src/winio.c,289,branch_num,6,4
nano,nano-7.2/src/winio.c,3146,branch_num,6,4
nano,nano-7.2/src/winio.c,3297,branch_num,8,2
nano,nano-7.2/src/winio.c,3349,branch_num,4,2
nano,nano-7.2/src/winio.c,3375,branch_num,4,2
nano,nano-7.2/src/winio.c,439,branch_num,28,2
nano,nano-7.2/src/winio.c,444,branch_num,3,2
nano,nano-7.2/src/winio.c,456,branch_num,5,2
nano,nano-7.2/src/winio.c,484,branch_num,5,2
nano,nano-7.2/src/winio.c,583,branch_num,26,2
nano,nano-7.2/src/winio.c,590,branch_num,3,2
nano,nano-7.2/src/winio.c,608,branch_num,6,2
nano,nano-7.2/src/winio.c,610,branch_num,4,2
nano,nano-7.2/src/winio.c,625,branch_num,5,2
nano,nano-7.2/src/winio.c,639,branch_num,5,2
nano,nano-7.2/src/winio.c,651,branch_num,7,2
nano,nano-7.2/src/winio.c,667,branch_num,7,2
nano,nano-7.2/src/winio.c,691,branch_num,5,2
net-tools,net-tools-2.10/lib/ash.c,43,branch_num,2,6
net-tools,net-tools-2.10/lib/econet.c,62,branch_num,3,2
net-tools,net-tools-2.10/lib/inet6.c,104,branch_num,10,2
net-tools,net-tools-2.10/lib/inet6.c,49,branch_num,8,2
net-tools,net-tools-2.10/lib/inet.c,100,branch_num,4,2
net-tools,net-tools-2.10/lib/interface.c,268,branch_num,4,2
net-tools,net-tools-2.10/netstat.c,1236,branch_num,4,2
net-tools,net-tools-2.10/netstat.c,2076,branch_num,39,2
net-tools,net-tools-2.10/netstat.c,974,branch_num,10,8
net-tools,net-tools-2.10/netstat.c,975,branch_num,4,6
newt,newt-0.52.23/whiptail.c,410,branch_num,12,2
newt,newt-0.52.23/whiptail.c,492,branch_val,"[0, 0]","[0, 1]"
newt,newt-0.52.23/whiptail.c,495,branch_val,"[0, 0]","[0, 1]"
newt,newt-0.52.23/whiptail.c,501,branch_val,"[0, 0]","[0, 1]"
newt,newt-0.52.23/whiptail.c,503,branch_val,"[0, 0]","[0, 1]"
newt,newt-0.52.23/whiptail.c,505,branch_val,"[0, 0]","[0, 1]"
newt,newt-0.52.23/whiptail.c,507,branch_val,"[0, 0]","[0, 1]"
newt,newt-0.52.23/whiptail.c,509,branch_num,3,2
pam,pam-1.5.2/modules/pam_unix/passverify.c,453,branch_num,4,2
pciutils,pciutils-3.9.0/ls-caps.c,1138,branch_num,6,4
pciutils,pciutils-3.9.0/ls-caps.c,1139,branch_num,2,4
pciutils,pciutils-3.9.0/ls-caps.c,1142,branch_num,6,4
pciutils,pciutils-3.9.0/ls-caps.c,1164,branch_num,6,4
pciutils,pciutils-3.9.0/ls-caps.c,1166,branch_num,2,4
pciutils,pciutils-3.9.0/ls-caps.c,1169,branch_num,6,4
pciutils,pciutils-3.9.0/ls-caps.c,1170,branch_num,2,4
pciutils,pciutils-3.9.0/ls-caps.c,1172,branch_num,6,4
pciutils,pciutils-3.9.0/ls-caps.c,203,branch_num,3,2
pciutils,pciutils-3.9.0/ls-caps.c,538,branch_num,3,2
pciutils,pciutils-3.9.0/ls-caps.c,655,branch_num,4,2
pciutils,pciutils-3.9.0/ls-caps.c,702,branch_num,6,4
pciutils,pciutils-3.9.0/ls-caps.c,703,branch_num,2,4
pciutils,pciutils-3.9.0/ls-caps.c,712,branch_num,6,4
pciutils,pciutils-3.9.0/ls-caps.c,778,branch_num,6,4
pciutils,pciutils-3.9.0/ls-caps.c,839,branch_num,6,4
pciutils,pciutils-3.9.0/ls-caps.c,840,branch_num,2,4
pciutils,pciutils-3.9.0/ls-caps-vendor.c,68,branch_num,4,2
pciutils,pciutils-3.9.0/ls-ecaps.c,1144,branch_num,4,2
pciutils,pciutils-3.9.0/ls-ecaps.c,449,branch_num,4,2
pciutils,pciutils-3.9.0/ls-ecaps.c,450,branch_num,2,4
pciutils,pciutils-3.9.0/ls-ecaps.c,520,branch_num,4,2
pciutils,pciutils-3.9.0/ls-ecaps.c,558,branch_num,4,2
pciutils,pciutils-3.9.0/ls-map.c,149,branch_num,3,2
pciutils,pciutils-3.9.0/ls-map.c,82,branch_num,3,2
pciutils,pciutils-3.9.0/lspci.c,577,branch_num,4,2
pciutils,pciutils-3.9.0/lspci.c,578,branch_num,2,4
pciutils,pciutils-3.9.0/lspci.c,604,branch_num,4,2
pciutils,pciutils-3.9.0/lspci.c,622,branch_num,4,2
pciutils,pciutils-3.9.0/lspci.c,623,branch_num,2,4
pciutils,pciutils-3.9.0/ls-tree.c,111,branch_num,4,2
pciutils,pciutils-3.9.0/ls-tree.c,112,branch_num,2,4
pciutils,pciutils-3.9.0/ls-tree.c,183,branch_num,6,4
pciutils,pciutils-3.9.0/ls-tree.c,184,branch_num,2,4
pciutils,pciutils-3.9.0/ls-vpd.c,187,branch_num,5,2
procps,procps-4.0.2/src/ps/display.c,315,branch_num,4,2
procps,procps-4.0.2/src/ps/display.c,636,branch_val,"[11, 21]","[1, 32]"
procps,procps-4.0.2/src/ps/display.c,639,branch_val,"[1, 32]","[1, 31]"
procps,procps-4.0.2/src/ps/display.c,671,branch_val,"[0, 0, 0, 0]","[0, 0, 0, 1]"
procps,procps-4.0.2/src/ps/output.c,353,branch_num,6,2
procps,procps-4.0.2/src/ps/output.c,368,branch_num,6,2
procps,procps-4.0.2/src/ps/parser.c,1197,branch_val,"[0, 0]","[0, 1]"
procps,procps-4.0.2/src/ps/parser.c,1199,branch_val,"[0, 0]","[0, 1]"
procps,procps-4.0.2/src/ps/parser.c,1201,branch_val,"[0, 0]","[0, 1]"
procps,procps-4.0.2/src/ps/parser.c,1203,branch_val,"[0, 0]","[0, 1]"
procps,procps-4.0.2/src/ps/select.c,100,branch_num,4,2
procps,procps-4.0.2/src/ps/select.c,101,branch_num,4,2
procps,procps-4.0.2/src/ps/select.c,102,branch_num,4,2
procps,procps-4.0.2/src/ps/select.c,104,branch_num,4,2
procps,procps-4.0.2/src/ps/select.c,105,branch_num,4,2
procps,procps-4.0.2/src/ps/select.c,106,branch_num,4,2
procps,procps-4.0.2/src/ps/select.c,107,branch_num,4,2
procps,procps-4.0.2/src/ps/select.c,109,branch_num,4,2
procps,procps-4.0.2/src/ps/select.c,110,branch_num,4,2
procps,procps-4.0.2/src/ps/select.c,111,branch_num,4,2
procps,procps-4.0.2/src/ps/select.c,112,branch_num,4,2
procps,procps-4.0.2/src/ps/select.c,113,branch_num,4,2
procps,procps-4.0.2/src/ps/select.c,114,branch_num,4,2
procps,procps-4.0.2/src/ps/select.c,156,branch_num,6,2
procps,procps-4.0.2/src/ps/select.c,99,branch_num,4,2
procps,procps-4.0.2/src/ps/stacktrace.c,155,branch_num,3,2
procps,procps-4.0.2/src/ps/stacktrace.c,89,branch_num,2,4
psmisc,psmisc-23.6/src/pstree.c,1038,branch_num,2,4
psmisc,psmisc-23.6/src/pstree.c,1389,branch_num,4,2
psmisc,psmisc-23.6/src/pstree.c,1391,branch_num,2,4
psmisc,psmisc-23.6/src/pstree.c,813,branch_num,2,4
psmisc,psmisc-23.6/src/pstree.c,822,branch_num,2,4
psmisc,psmisc-23.6/src/pstree.c,882,branch_num,6,4
sl,sl-5.02/sl.c,63,branch_val,"[0, 2013, 75954, 75954]","[2013, 2013, 75954, 75954]"
sysvinit,sysvinit-3.06/src/last.c,422,branch_num,8,2
sysvinit,sysvinit-3.06/src/last.c,846,branch_num,7,2
sysvinit,sysvinit-3.06/src/last.c,917,branch_num,4,2
traceroute,traceroute-2.1.2/libsupp/clif.c,241,branch_num,2,4
traceroute,traceroute-2.1.2/libsupp/clif.c,280,branch_num,2,4
traceroute,traceroute-2.1.2/libsupp/clif.c,367,branch_num,2,4
traceroute,traceroute-2.1.2/libsupp/clif.c,368,branch_num,8,6
traceroute,traceroute-2.1.2/libsupp/clif.c,609,branch_num,4,2
traceroute,traceroute-2.1.2/libsupp/clif.c,759,branch_num,4,2
traceroute,traceroute-2.1.2/traceroute/extension.c,51,branch_num,4,2
traceroute,traceroute-2.1.2/traceroute/extension.c,66,branch_num,4,2
traceroute,traceroute-2.1.2/traceroute/extension.c,81,branch_num,4,2
traceroute,traceroute-2.1.2/traceroute/mod-icmp.c,212,branch_num,6,4
traceroute,traceroute-2.1.2/traceroute/mod-icmp.c,213,branch_num,2,4
traceroute,traceroute-2.1.2/traceroute/mod-icmp.c,95,branch_num,4,2
traceroute,traceroute-2.1.2/traceroute/mod-raw.c,85,branch_num,4,2
traceroute,traceroute-2.1.2/traceroute/mod-tcp.c,226,branch_num,6,4
traceroute,traceroute-2.1.2/traceroute/mod-tcpconn.c,142,branch_num,4,2
traceroute,traceroute-2.1.2/traceroute/traceroute.c,1513,branch_num,4,2
traceroute,traceroute-2.1.2/traceroute/traceroute.c,1532,branch_num,4,2
traceroute,traceroute-2.1.2/traceroute/traceroute.c,228,branch_num,8,2
traceroute,traceroute-2.1.2/traceroute/traceroute.c,625,branch_val,"[0, 0]","[0, 1]"
traceroute,traceroute-2.1.2/traceroute/traceroute.c,631,branch_val,"[0, 0]","[0, 1]"
traceroute,traceroute-2.1.2/traceroute/traceroute.c,634,branch_val,"[0, 0, 0, 0]","[0, 0, 0, 1]"
traceroute,traceroute-2.1.2/traceroute/traceroute.c,636,branch_val,"[0, 0]","[0, 1]"
traceroute,traceroute-2.1.2/traceroute/traceroute.c,638,branch_val,"[0, 0, 0, 0]","[0, 0, 0, 1]"
traceroute,traceroute-2.1.2/traceroute/traceroute.c,640,branch_val,"[0, 0, 0, 0, 0, 0]","[0, 0, 0, 0, 0, 1]"
traceroute,traceroute-2.1.2/traceroute/traceroute.c,643,branch_val,"[0, 0]","[0, 1]"
traceroute,traceroute-2.1.2/traceroute/traceroute.c,645,branch_val,"[0, 0, 0, 0]","[0, 0, 0, 1]"
traceroute,traceroute-2.1.2/traceroute/traceroute.c,647,branch_val,"[0, 0]","[0, 1]"
traceroute,traceroute-2.1.2/traceroute/traceroute.c,649,branch_val,"[0, 0]","[0, 1]"
traceroute,traceroute-2.1.2/traceroute/traceroute.c,652,branch_val,"[0, 0, 0, 0, 0, 0]","[0, 0, 0, 0, 0, 1]"
traceroute,traceroute-2.1.2/traceroute/traceroute.c,656,branch_val,"[0, 0]","[0, 1]"
traceroute,traceroute-2.1.2/traceroute/traceroute.c,661,branch_val,"[0, 0, 0, 0]","[0, 0, 0, 1]"
traceroute,traceroute-2.1.2/traceroute/traceroute.c,679,branch_val,"[0, 0]","[0, 1]"
traceroute,traceroute-2.1.2/traceroute/traceroute.c,686,branch_val,"[0, 0]","[0, 1]"
traceroute,traceroute-2.1.2/traceroute/traceroute.c,690,branch_val,"[0, 0]","[0, 1]"
traceroute,traceroute-2.1.2/traceroute/traceroute.c,697,branch_val,"[0, 0]","[0, 1]"
traceroute,traceroute-2.1.2/traceroute/traceroute.c,700,branch_val,"[0, 0, 0, 0]","[0, 0, 0, 1]"
traceroute,traceroute-2.1.2/traceroute/traceroute.c,706,branch_val,"[0, 0]","[0, 1]"
traceroute,traceroute-2.1.2/traceroute/traceroute.c,773,branch_num,4,2
util-linux,util-linux-2.38.1/include/optutils.h,14,branch_num,2,4
util-linux,util-linux-2.38.1/include/xalloc.h,74,branch_num,2,4
util-linux,util-linux-2.38.1/lib/monotonic.c,34,branch_num,2,4
util-linux,util-linux-2.38.1/lib/monotonic.c,56,branch_num,4,2
util-linux,util-linux-2.38.1/lib/strutils.c,1077,branch_num,2,4
util-linux,util-linux-2.38.1/lib/strutils.c,923,branch_num,4,2
util-linux,util-linux-2.38.1/lib/strutils.c,924,branch_num,6,8
util-linux,util-linux-2.38.1/lib/strutils.c,952,branch_num,2,4
util-linux,util-linux-2.38.1/lib/strutils.c,953,branch_num,2,4
util-linux,util-linux-2.38.1/lib/timeutils.c,197,branch_num,2,4
util-linux,util-linux-2.38.1/lib/timeutils.c,198,branch_num,2,4
util-linux,util-linux-2.38.1/lib/timeutils.c,522,branch_num,4,2
util-linux,util-linux-2.38.1/lib/timeutils.c,78,branch_num,2,4
util-linux,util-linux-2.38.1/lib/timeutils.c,79,branch_num,2,4
wget,wget-1.21.3/lib/basename-lgpl.c,59,branch_num,4,2
wget,wget-1.21.3/lib/mbchar.h,245,branch_num,2,4
wget,wget-1.21.3/lib/quotearg.c,405,branch_num,2,4
wget,wget-1.21.3/lib/quotearg.c,647,branch_num,2,4
wget,wget-1.21.3/lib/sha1-stream.c,51,branch_num,3,2
wget,wget-1.21.3/lib/xmalloc.c,256,branch_num,4,2
wget,wget-1.21.3/src/connect.c,697,branch_num,2,4
wget,wget-1.21.3/src/connect.c,762,branch_num,2,4
wget,wget-1.21.3/src/convert.c,1082,branch_num,5,2
wget,wget-1.21.3/src/convert.c,306,branch_num,6,2
wget,wget-1.21.3/src/cookies.c,402,branch_num,6,2
wget,wget-1.21.3/src/cookies.c,429,branch_num,6,2
wget,wget-1.21.3/src/cookies.c,581,branch_num,4,2
wget,wget-1.21.3/src/ftp.c,2043,branch_num,6,2
wget,wget-1.21.3/src/ftp.c,2286,branch_num,4,2
wget,wget-1.21.3/src/ftp.c,2667,branch_num,4,2
wget,wget-1.21.3/src/ftp-ls.c,884,branch_num,8,2
wget,wget-1.21.3/src/gnutls.c,349,branch_num,4,2
wget,wget-1.21.3/src/gnutls.c,603,branch_num,4,2
wget,wget-1.21.3/src/hash.c,533,branch_num,4,2
wget,wget-1.21.3/src/host.c,134,branch_num,10,2
wget,wget-1.21.3/src/hsts.c,141,branch_num,6,4
wget,wget-1.21.3/src/html-parse.c,380,branch_num,6,2
wget,wget-1.21.3/src/html-parse.c,597,branch_num,13,2
wget,wget-1.21.3/src/html-parse.c,739,branch_num,3,2
wget,wget-1.21.3/src/html-parse.c,751,branch_num,3,2
wget,wget-1.21.3/src/html-parse.c,760,branch_num,3,2
wget,wget-1.21.3/src/html-parse.c,992,branch_num,18,6
wget,wget-1.21.3/src/http.c,187,branch_num,5,2
wget,wget-1.21.3/src/http.c,2400,branch_num,4,2
wget,wget-1.21.3/src/http.c,2439,branch_num,8,2
wget,wget-1.21.3/src/http.c,2441,branch_num,8,2
wget,wget-1.21.3/src/http.c,2496,branch_num,8,2
wget,wget-1.21.3/src/http.c,2558,branch_num,14,2
wget,wget-1.21.3/src/http.c,3747,branch_num,8,2
wget,wget-1.21.3/src/http.c,3849,branch_num,12,2
wget,wget-1.21.3/src/http.c,3914,branch_num,4,2
wget,wget-1.21.3/src/http.c,4050,branch_num,4,2
wget,wget-1.21.3/src/http.c,4059,branch_num,6,4
wget,wget-1.21.3/src/http.c,4629,branch_num,4,2
wget,wget-1.21.3/src/http.c,4752,branch_num,6,2
wget,wget-1.21.3/src/http.c,4788,branch_num,6,2
wget,wget-1.21.3/src/http.c,5397,branch_num,14,2
wget,wget-1.21.3/src/http-ntlm.c,371,branch_num,4,2
wget,wget-1.21.3/src/init.c,942,branch_num,6,4
wget,wget-1.21.3/src/init.c,949,branch_num,4,2
wget,wget-1.21.3/src/iri.c,157,branch_num,4,2
wget,wget-1.21.3/src/main.c,1216,branch_val,"[3, 43]","[3, 46]"
wget,wget-1.21.3/src/main.c,1221,branch_val,"[10, 33]","[12, 34]"
wget,wget-1.21.3/src/main.c,1223,branch_val,"[0, 10]","[0, 12]"
wget,wget-1.21.3/src/main.c,1230,branch_val,"[0, 43]","[0, 46]"
wget,wget-1.21.3/src/main.c,1493,branch_num,9,2
wget,wget-1.21.3/src/main.c,1565,branch_num,2,4
wget,wget-1.21.3/src/main.c,1566,branch_num,4,2
wget,wget-1.21.3/src/netrc.c,296,branch_num,8,6
wget,wget-1.21.3/src/netrc.c,314,branch_num,9,2
wget,wget-1.21.3/src/progress.c,356,branch_num,2,4
wget,wget-1.21.3/src/progress.c,663,branch_num,8,2
wget,wget-1.21.3/src/progress.c,971,branch_num,4,2
wget,wget-1.21.3/src/recur.c,305,branch_num,2,4
wget,wget-1.21.3/src/recur.c,307,branch_num,4,2
wget,wget-1.21.3/src/res.c,264,branch_num,4,2
wget,wget-1.21.3/src/res.c,287,branch_num,6,4
wget,wget-1.21.3/src/retr.c,1490,branch_num,6,2
wget,wget-1.21.3/src/retr.c,484,branch_num,4,2
wget,wget-1.21.3/src/retr.c,799,branch_num,2,4
wget,wget-1.21.3/src/url.c,2396,branch_num,2,4
wget,wget-1.21.3/src/url.c,2399,branch_num,4,2
wget,wget-1.21.3/src/url.c,324,branch_num,4,2
wget,wget-1.21.3/src/url.c,486,branch_num,8,2
wget,wget-1.21.3/src/url.c,490,branch_num,8,2
wget,wget-1.21.3/src/utils.c,1063,branch_num,4,2
wget,wget-1.21.3/src/utils.c,2289,branch_num,3,2
wget,wget-1.21.3/src/utils.c,2367,branch_num,8,2
wget,wget-1.21.3/src/utils.c,2375,branch_num,8,2
wget,wget-1.21.3/src/warc.c,969,branch_num,4,2
wget,wget-1.21.3/src/warc.c,988,branch_num,4,2
xz-utils,xz-utils-5.4.1/src/xz/coder.c,374,branch_num,4,2
xz-utils,xz-utils-5.4.1/src/xz/coder.c,433,branch_num,4,2
xz-utils,xz-utils-5.4.1/src/xz/coder.c,492,branch_num,4,2
xz-utils,xz-utils-5.4.1/src/xz/coder.c,516,branch_num,6,2
xz-utils,xz-utils-5.4.1/src/xz/coder.c,570,branch_num,6,2
xz-utils,xz-utils-5.4.1/src/xz/coder.c,606,branch_num,6,2
xz-utils,xz-utils-5.4.1/src/xz/list.c,505,branch_num,4,2
xz-utils,xz-utils-5.4.1/src/xz/message.c,811,branch_num,10,2
xz-utils,xz-utils-5.4.1/src/xz/options.c,256,branch_num,10,2
